timestamp_ns,mac_address,distance
2467688000,83a8d3e15c4,3.86
2467688000,48e72903b3fc,2.81
2467688000,e05a1b1fafc4,1.54
2671743000,83a8d3e15c4,3.90
2671743000,48e72903b3fc,2.89
2671743000,e05a1b1fafc4,1.53
2873644000,83a8d3e15c4,3.86
2873644000,48e72903b3fc,2.84
2873644000,e05a1b1fafc4,1.54
3073806000,83a8d3e15c4,3.88
3073806000,48e72903b3fc,2.85
3073806000,e05a1b1fafc4,1.53
3273668000,83a8d3e15c4,3.85
3273668000,48e72903b3fc,2.81
3273668000,e05a1b1fafc4,1.53
3473607000,83a8d3e15c4,3.90
3473607000,48e72903b3fc,2.83
3473607000,e05a1b1fafc4,1.54
3673600000,83a8d3e15c4,3.86
3673600000,48e72903b3fc,2.79
3673600000,e05a1b1fafc4,1.54
3873681000,83a8d3e15c4,3.92
3873681000,48e72903b3fc,2.88
3873681000,e05a1b1fafc4,1.55
4073615000,83a8d3e15c4,3.90
4073615000,48e72903b3fc,2.75
4073615000,e05a1b1fafc4,1.52
4273619000,83a8d3e15c4,3.88
4273619000,48e72903b3fc,2.79
4273619000,e05a1b1fafc4,1.54
4473668000,83a8d3e15c4,3.88
4473668000,48e72903b3fc,2.84
4473668000,e05a1b1fafc4,1.53
4673746000,83a8d3e15c4,3.87
4673746000,48e72903b3fc,2.86
4673746000,e05a1b1fafc4,1.54
4873736000,83a8d3e15c4,3.89
4873736000,48e72903b3fc,2.95
4873736000,e05a1b1fafc4,1.51
5073685000,83a8d3e15c4,3.91
5073685000,48e72903b3fc,2.87
5073685000,e05a1b1fafc4,1.52
5274716000,83a8d3e15c4,3.89
5274716000,48e72903b3fc,2.90
5274716000,e05a1b1fafc4,1.53
5474734000,83a8d3e15c4,3.90
5474734000,48e72903b3fc,2.91
5474734000,e05a1b1fafc4,1.57
5674714000,83a8d3e15c4,3.91
5674714000,48e72903b3fc,2.95
5674714000,e05a1b1fafc4,1.54
5874782000,83a8d3e15c4,3.93
5874782000,48e72903b3fc,2.94
5874782000,e05a1b1fafc4,1.54
6074669000,83a8d3e15c4,3.89
6074669000,48e72903b3fc,2.92
6074669000,e05a1b1fafc4,1.53
6277736000,83a8d3e15c4,3.91
6277736000,48e72903b3fc,2.94
6277736000,e05a1b1fafc4,1.56
6477794000,83a8d3e15c4,3.92
6477794000,48e72903b3fc,2.89
6477794000,e05a1b1fafc4,1.53
6677659000,83a8d3e15c4,3.88
6677659000,48e72903b3fc,2.86
6677659000,e05a1b1fafc4,1.55
6880641000,83a8d3e15c4,3.86
6880641000,48e72903b3fc,2.81
6880641000,e05a1b1fafc4,1.53
7080731000,83a8d3e15c4,3.89
7080731000,48e72903b3fc,2.83
7080731000,e05a1b1fafc4,1.55
7280756000,83a8d3e15c4,3.89
7280756000,48e72903b3fc,2.78
7280756000,e05a1b1fafc4,1.55
7480775000,83a8d3e15c4,3.92
7480775000,48e72903b3fc,2.79
7480775000,e05a1b1fafc4,1.53
7680648000,83a8d3e15c4,3.92
7680648000,48e72903b3fc,2.84
7680648000,e05a1b1fafc4,1.51
7880692000,83a8d3e15c4,3.87
7880692000,48e72903b3fc,2.86
7880692000,e05a1b1fafc4,1.54
8081653000,83a8d3e15c4,3.92
8081653000,48e72903b3fc,2.78
8081653000,e05a1b1fafc4,1.52
8281710000,83a8d3e15c4,3.85
8281710000,48e72903b3fc,2.82
8281710000,e05a1b1fafc4,1.54
8481758000,83a8d3e15c4,3.90
8481758000,48e72903b3fc,2.82
8481758000,e05a1b1fafc4,1.54
8685650000,83a8d3e15c4,3.89
8685650000,48e72903b3fc,2.81
8685650000,e05a1b1fafc4,1.54
8886749000,83a8d3e15c4,3.87
8886749000,48e72903b3fc,2.82
8886749000,e05a1b1fafc4,1.54
9086686000,83a8d3e15c4,3.90
9086686000,48e72903b3fc,2.85
9086686000,e05a1b1fafc4,1.53
9286720000,83a8d3e15c4,3.90
9286720000,48e72903b3fc,2.77
9286720000,e05a1b1fafc4,1.54
9486701000,83a8d3e15c4,3.87
9486701000,48e72903b3fc,2.75
9486701000,e05a1b1fafc4,1.54
9686612000,83a8d3e15c4,3.90
9686612000,48e72903b3fc,2.76
9686612000,e05a1b1fafc4,1.53
9886603000,83a8d3e15c4,3.92
9886603000,48e72903b3fc,2.75
9886603000,e05a1b1fafc4,1.53
10086737000,83a8d3e15c4,3.87
10086737000,48e72903b3fc,2.84
10086737000,e05a1b1fafc4,1.54
10286690000,83a8d3e15c4,3.89
10286690000,48e72903b3fc,2.83
10286690000,e05a1b1fafc4,1.54
10486702000,83a8d3e15c4,3.90
10486702000,48e72903b3fc,2.90
10486702000,e05a1b1fafc4,1.57
10686612000,83a8d3e15c4,3.92
10686612000,48e72903b3fc,2.88
10686612000,e05a1b1fafc4,1.53
10887720000,83a8d3e15c4,3.87
10887720000,48e72903b3fc,2.87
10887720000,e05a1b1fafc4,1.55
11087652000,83a8d3e15c4,3.92
11087652000,48e72903b3fc,2.85
11087652000,e05a1b1fafc4,1.53
11287750000,83a8d3e15c4,3.93
11287750000,48e72903b3fc,2.83
11287750000,e05a1b1fafc4,1.53
11487750000,83a8d3e15c4,3.92
11487750000,48e72903b3fc,2.86
11487750000,e05a1b1fafc4,1.55
11687662000,83a8d3e15c4,3.91
11687662000,48e72903b3fc,2.87
11687662000,e05a1b1fafc4,1.53
11887656000,83a8d3e15c4,3.92
11887656000,48e72903b3fc,2.84
11887656000,e05a1b1fafc4,1.55
12087598000,83a8d3e15c4,3.84
12087598000,48e72903b3fc,2.79
12087598000,e05a1b1fafc4,1.53
12287649000,83a8d3e15c4,3.88
12287649000,48e72903b3fc,2.76
12287649000,e05a1b1fafc4,1.54
12487612000,83a8d3e15c4,3.94
12487612000,48e72903b3fc,2.81
12487612000,e05a1b1fafc4,1.55
12687602000,83a8d3e15c4,3.86
12687602000,48e72903b3fc,2.84
12687602000,e05a1b1fafc4,1.57
12887661000,83a8d3e15c4,3.80
12887661000,48e72903b3fc,2.90
12887661000,e05a1b1fafc4,1.57
13089670000,83a8d3e15c4,3.83
13089670000,48e72903b3fc,2.86
13089670000,e05a1b1fafc4,1.57
13289793000,83a8d3e15c4,3.90
13289793000,48e72903b3fc,2.87
13289793000,e05a1b1fafc4,1.58
13489633000,83a8d3e15c4,3.87
13489633000,48e72903b3fc,2.81
13489633000,e05a1b1fafc4,1.58
13689631000,83a8d3e15c4,3.87
13689631000,48e72903b3fc,2.87
13689631000,e05a1b1fafc4,1.56
13889679000,83a8d3e15c4,3.88
13889679000,48e72903b3fc,2.82
13889679000,e05a1b1fafc4,1.55
14089656000,83a8d3e15c4,3.86
14089656000,48e72903b3fc,2.79
14089656000,e05a1b1fafc4,1.56
14289763000,83a8d3e15c4,3.86
14289763000,48e72903b3fc,2.79
14289763000,e05a1b1fafc4,1.56
14489690000,83a8d3e15c4,3.88
14489690000,48e72903b3fc,2.77
14489690000,e05a1b1fafc4,1.57
14689668000,83a8d3e15c4,3.89
14689668000,48e72903b3fc,2.82
14689668000,e05a1b1fafc4,1.56
14889662000,83a8d3e15c4,3.88
14889662000,48e72903b3fc,2.89
14889662000,e05a1b1fafc4,1.58
15089644000,83a8d3e15c4,3.91
15089644000,48e72903b3fc,2.89
15089644000,e05a1b1fafc4,1.55
15290591000,83a8d3e15c4,3.87
15290591000,48e72903b3fc,2.75
15290591000,e05a1b1fafc4,1.59
15490632000,83a8d3e15c4,3.89
15490632000,48e72903b3fc,2.85
15490632000,e05a1b1fafc4,1.57
15690716000,83a8d3e15c4,3.86
15690716000,48e72903b3fc,2.78
15690716000,e05a1b1fafc4,1.54
15890631000,83a8d3e15c4,3.91
15890631000,48e72903b3fc,2.89
15890631000,e05a1b1fafc4,1.57
16090714000,83a8d3e15c4,3.86
16090714000,48e72903b3fc,2.86
16090714000,e05a1b1fafc4,1.58
16294615000,83a8d3e15c4,3.85
16294615000,48e72903b3fc,2.74
16294615000,e05a1b1fafc4,1.56
16494735000,83a8d3e15c4,3.81
16494735000,48e72903b3fc,2.77
16494735000,e05a1b1fafc4,1.58
16697642000,83a8d3e15c4,3.87
16697642000,48e72903b3fc,2.79
16697642000,e05a1b1fafc4,1.58
16897776000,83a8d3e15c4,3.88
16897776000,48e72903b3fc,2.79
16897776000,e05a1b1fafc4,1.59
17097701000,83a8d3e15c4,3.85
17097701000,48e72903b3fc,2.80
17097701000,e05a1b1fafc4,1.56
17297656000,83a8d3e15c4,3.88
17297656000,48e72903b3fc,2.80
17297656000,e05a1b1fafc4,1.55
17497689000,83a8d3e15c4,3.86
17497689000,48e72903b3fc,2.74
17497689000,e05a1b1fafc4,1.56
17697823000,83a8d3e15c4,3.85
17697823000,48e72903b3fc,2.77
17697823000,e05a1b1fafc4,1.56
17897717000,83a8d3e15c4,3.87
17897717000,48e72903b3fc,2.80
17897717000,e05a1b1fafc4,1.58
18098792000,83a8d3e15c4,3.88
18098792000,48e72903b3fc,2.84
18098792000,e05a1b1fafc4,1.59
18300669000,83a8d3e15c4,3.83
18300669000,48e72903b3fc,2.76
18300669000,e05a1b1fafc4,1.56
18500751000,83a8d3e15c4,3.83
18500751000,48e72903b3fc,2.88
18500751000,e05a1b1fafc4,1.59
18700637000,83a8d3e15c4,3.85
18700637000,48e72903b3fc,2.80
18700637000,e05a1b1fafc4,1.56
18900749000,83a8d3e15c4,3.87
18900749000,48e72903b3fc,2.76
18900749000,e05a1b1fafc4,1.58
19100758000,83a8d3e15c4,3.88
19100758000,48e72903b3fc,2.80
19100758000,e05a1b1fafc4,1.56
19301824000,83a8d3e15c4,3.82
19301824000,48e72903b3fc,2.77
19301824000,e05a1b1fafc4,1.57
19502737000,83a8d3e15c4,3.87
19502737000,48e72903b3fc,2.79
19502737000,e05a1b1fafc4,1.58
19706617000,83a8d3e15c4,3.89
19706617000,48e72903b3fc,2.79
19706617000,e05a1b1fafc4,1.56
19906652000,83a8d3e15c4,3.87
19906652000,48e72903b3fc,2.79
19906652000,e05a1b1fafc4,1.55
20106737000,83a8d3e15c4,3.90
20106737000,48e72903b3fc,2.81
20106737000,e05a1b1fafc4,1.58
20306646000,83a8d3e15c4,3.89
20306646000,48e72903b3fc,2.80
20306646000,e05a1b1fafc4,1.55
20506719000,83a8d3e15c4,3.84
20506719000,48e72903b3fc,2.80
20506719000,e05a1b1fafc4,1.59
20707663000,83a8d3e15c4,3.82
20707663000,48e72903b3fc,2.79
20707663000,e05a1b1fafc4,1.56
20907656000,83a8d3e15c4,3.85
20907656000,48e72903b3fc,2.80
20907656000,e05a1b1fafc4,1.59
21107662000,83a8d3e15c4,3.86
21107662000,48e72903b3fc,2.80
21107662000,e05a1b1fafc4,1.57
21307628000,83a8d3e15c4,3.83
21307628000,48e72903b3fc,2.80
21307628000,e05a1b1fafc4,1.57
21507631000,83a8d3e15c4,3.83
21507631000,48e72903b3fc,2.80
21507631000,e05a1b1fafc4,1.55
21707612000,83a8d3e15c4,3.83
21707612000,48e72903b3fc,2.76
21707612000,e05a1b1fafc4,1.59
21907685000,83a8d3e15c4,3.84
21907685000,48e72903b3fc,2.78
21907685000,e05a1b1fafc4,1.57
22107715000,83a8d3e15c4,3.83
22107715000,48e72903b3fc,2.79
22107715000,e05a1b1fafc4,1.57
22307612000,83a8d3e15c4,3.83
22307612000,48e72903b3fc,2.81
22307612000,e05a1b1fafc4,1.54
22507600000,83a8d3e15c4,3.86
22507600000,48e72903b3fc,2.75
22507600000,e05a1b1fafc4,1.54
22707689000,83a8d3e15c4,3.84
22707689000,48e72903b3fc,2.78
22707689000,e05a1b1fafc4,1.55
22910599000,83a8d3e15c4,3.83
22910599000,48e72903b3fc,2.79
22910599000,e05a1b1fafc4,1.56
23110604000,83a8d3e15c4,3.83
23110604000,48e72903b3fc,2.79
23110604000,e05a1b1fafc4,1.56
23310601000,83a8d3e15c4,3.82
23310601000,48e72903b3fc,2.77
23310601000,e05a1b1fafc4,1.59
23510631000,83a8d3e15c4,3.85
23510631000,48e72903b3fc,2.77
23510631000,e05a1b1fafc4,1.56
23710628000,83a8d3e15c4,3.80
23710628000,48e72903b3fc,2.80
23710628000,e05a1b1fafc4,1.54
23910627000,83a8d3e15c4,3.82
23910627000,48e72903b3fc,2.80
23910627000,e05a1b1fafc4,1.56
24110600000,83a8d3e15c4,3.83
24110600000,48e72903b3fc,2.78
24110600000,e05a1b1fafc4,1.59
24310617000,83a8d3e15c4,3.84
24310617000,48e72903b3fc,2.78
24310617000,e05a1b1fafc4,1.55
24510652000,83a8d3e15c4,3.84
24510652000,48e72903b3fc,2.79
24510652000,e05a1b1fafc4,1.53
24710738000,83a8d3e15c4,3.85
24710738000,48e72903b3fc,2.77
24710738000,e05a1b1fafc4,1.55
24910643000,83a8d3e15c4,3.82
24910643000,48e72903b3fc,2.82
24910643000,e05a1b1fafc4,1.58
25110603000,83a8d3e15c4,3.83
25110603000,48e72903b3fc,2.76
25110603000,e05a1b1fafc4,1.57
25310750000,83a8d3e15c4,3.80
25310750000,48e72903b3fc,2.76
25310750000,e05a1b1fafc4,1.58
25510626000,83a8d3e15c4,3.85
25510626000,48e72903b3fc,2.80
25510626000,e05a1b1fafc4,1.54
25710664000,83a8d3e15c4,3.85
25710664000,48e72903b3fc,2.79
25710664000,e05a1b1fafc4,1.55
25910628000,83a8d3e15c4,3.81
25910628000,48e72903b3fc,2.84
25910628000,e05a1b1fafc4,1.60
26110770000,83a8d3e15c4,3.80
26110770000,48e72903b3fc,2.85
26110770000,e05a1b1fafc4,1.60
26312636000,83a8d3e15c4,3.81
26312636000,48e72903b3fc,2.85
26312636000,e05a1b1fafc4,1.60
26513701000,83a8d3e15c4,3.79
26513701000,48e72903b3fc,2.85
26513701000,e05a1b1fafc4,1.61
26713653000,83a8d3e15c4,3.80
26713653000,48e72903b3fc,2.85
26713653000,e05a1b1fafc4,1.63
26913612000,83a8d3e15c4,3.79
26913612000,48e72903b3fc,2.84
26913612000,e05a1b1fafc4,1.63
27113706000,83a8d3e15c4,3.78
27113706000,48e72903b3fc,2.90
27113706000,e05a1b1fafc4,1.62
27313704000,83a8d3e15c4,3.75
27313704000,48e72903b3fc,2.83
27313704000,e05a1b1fafc4,1.61
27513715000,83a8d3e15c4,3.81
27513715000,48e72903b3fc,2.87
27513715000,e05a1b1fafc4,1.64
27713731000,83a8d3e15c4,3.81
27713731000,48e72903b3fc,2.86
27713731000,e05a1b1fafc4,1.61
27913668000,83a8d3e15c4,3.77
27913668000,48e72903b3fc,2.89
27913668000,e05a1b1fafc4,1.66
28113705000,83a8d3e15c4,3.78
28113705000,48e72903b3fc,2.85
28113705000,e05a1b1fafc4,1.64
28313730000,83a8d3e15c4,3.77
28313730000,48e72903b3fc,2.90
28313730000,e05a1b1fafc4,1.63
28513699000,83a8d3e15c4,3.80
28513699000,48e72903b3fc,2.86
28513699000,e05a1b1fafc4,1.61
28713635000,83a8d3e15c4,3.80
28713635000,48e72903b3fc,2.86
28713635000,e05a1b1fafc4,1.62
28913656000,83a8d3e15c4,3.77
28913656000,48e72903b3fc,2.86
28913656000,e05a1b1fafc4,1.60
29113675000,83a8d3e15c4,3.78
29113675000,48e72903b3fc,2.87
29113675000,e05a1b1fafc4,1.64
29313713000,83a8d3e15c4,3.78
29313713000,48e72903b3fc,2.83
29313713000,e05a1b1fafc4,1.63
29513579000,83a8d3e15c4,3.77
29513579000,48e72903b3fc,2.84
29513579000,e05a1b1fafc4,1.62
29713653000,83a8d3e15c4,3.79
29713653000,48e72903b3fc,2.86
29713653000,e05a1b1fafc4,1.62
29913750000,83a8d3e15c4,3.77
29913750000,48e72903b3fc,2.82
29913750000,e05a1b1fafc4,1.63
30114626000,83a8d3e15c4,3.79
30114626000,48e72903b3fc,2.82
30114626000,e05a1b1fafc4,1.64
30314636000,83a8d3e15c4,3.82
30314636000,48e72903b3fc,2.82
30314636000,e05a1b1fafc4,1.64
30514709000,83a8d3e15c4,3.79
30514709000,48e72903b3fc,2.90
30514709000,e05a1b1fafc4,1.67
30715642000,83a8d3e15c4,3.77
30715642000,48e72903b3fc,2.88
30715642000,e05a1b1fafc4,1.67
30915761000,83a8d3e15c4,3.73
30915761000,48e72903b3fc,2.92
30915761000,e05a1b1fafc4,1.67
31117612000,83a8d3e15c4,3.77
31117612000,48e72903b3fc,2.93
31117612000,e05a1b1fafc4,1.68
31317610000,83a8d3e15c4,3.77
31317610000,48e72903b3fc,2.97
31317610000,e05a1b1fafc4,1.65
31517752000,83a8d3e15c4,3.75
31517752000,48e72903b3fc,2.99
31517752000,e05a1b1fafc4,1.66
31717787000,83a8d3e15c4,3.77
31717787000,48e72903b3fc,2.94
31717787000,e05a1b1fafc4,1.67
31917702000,83a8d3e15c4,3.73
31917702000,48e72903b3fc,2.94
31917702000,e05a1b1fafc4,1.68
32119678000,83a8d3e15c4,3.81
32119678000,48e72903b3fc,3.01
32119678000,e05a1b1fafc4,1.68
32319760000,83a8d3e15c4,3.73
32319760000,48e72903b3fc,2.98
32319760000,e05a1b1fafc4,1.66
32525663000,83a8d3e15c4,3.77
32525663000,48e72903b3fc,3.00
32525663000,e05a1b1fafc4,1.69
32725688000,83a8d3e15c4,3.79
32725688000,48e72903b3fc,3.05
32725688000,e05a1b1fafc4,1.66
32928663000,83a8d3e15c4,3.80
32928663000,48e72903b3fc,3.13
32928663000,e05a1b1fafc4,1.64
33128663000,83a8d3e15c4,3.77
33128663000,48e72903b3fc,3.03
33128663000,e05a1b1fafc4,1.63
33328602000,83a8d3e15c4,3.73
33328602000,48e72903b3fc,3.02
33328602000,e05a1b1fafc4,1.66
33529633000,83a8d3e15c4,3.76
33529633000,48e72903b3fc,3.08
33529633000,e05a1b1fafc4,1.67
33729583000,83a8d3e15c4,3.76
33729583000,48e72903b3fc,2.89
33729583000,e05a1b1fafc4,1.67
33929656000,83a8d3e15c4,3.76
33929656000,48e72903b3fc,2.92
33929656000,e05a1b1fafc4,1.67
34129690000,83a8d3e15c4,3.76
34129690000,48e72903b3fc,3.04
34129690000,e05a1b1fafc4,1.69
34329765000,83a8d3e15c4,3.76
34329765000,48e72903b3fc,2.98
34329765000,e05a1b1fafc4,1.67
34529665000,83a8d3e15c4,3.78
34529665000,48e72903b3fc,3.07
34529665000,e05a1b1fafc4,1.66
34732712000,83a8d3e15c4,3.74
34732712000,48e72903b3fc,3.09
34732712000,e05a1b1fafc4,1.66
34932647000,83a8d3e15c4,3.75
34932647000,48e72903b3fc,3.02
34932647000,e05a1b1fafc4,1.69
35132751000,83a8d3e15c4,3.74
35132751000,48e72903b3fc,2.92
35132751000,e05a1b1fafc4,1.68
35332644000,83a8d3e15c4,3.78
35332644000,48e72903b3fc,2.90
35332644000,e05a1b1fafc4,1.70
35532592000,83a8d3e15c4,3.70
35532592000,48e72903b3fc,2.92
35532592000,e05a1b1fafc4,1.67
35732671000,83a8d3e15c4,3.71
35732671000,48e72903b3fc,2.97
35732671000,e05a1b1fafc4,1.68
35934613000,83a8d3e15c4,3.64
35934613000,48e72903b3fc,2.95
35934613000,e05a1b1fafc4,1.69
36134638000,83a8d3e15c4,3.74
36134638000,48e72903b3fc,2.91
36134638000,e05a1b1fafc4,1.67
36334730000,83a8d3e15c4,3.70
36334730000,48e72903b3fc,2.88
36334730000,e05a1b1fafc4,1.70
36537664000,83a8d3e15c4,3.72
36537664000,48e72903b3fc,2.96
36537664000,e05a1b1fafc4,1.71
36737650000,83a8d3e15c4,3.71
36737650000,48e72903b3fc,2.94
36737650000,e05a1b1fafc4,1.70
36937716000,83a8d3e15c4,3.71
36937716000,48e72903b3fc,2.91
36937716000,e05a1b1fafc4,1.68
37137699000,83a8d3e15c4,3.69
37137699000,48e72903b3fc,2.92
37137699000,e05a1b1fafc4,1.66
37337690000,83a8d3e15c4,3.75
37337690000,48e72903b3fc,2.92
37337690000,e05a1b1fafc4,1.69
37537634000,83a8d3e15c4,3.72
37537634000,48e72903b3fc,2.91
37537634000,e05a1b1fafc4,1.68
37738693000,83a8d3e15c4,3.73
37738693000,48e72903b3fc,2.91
37738693000,e05a1b1fafc4,1.69
37938669000,83a8d3e15c4,3.74
37938669000,48e72903b3fc,2.94
37938669000,e05a1b1fafc4,1.70
38138705000,83a8d3e15c4,3.70
38138705000,48e72903b3fc,2.95
38138705000,e05a1b1fafc4,1.71
38338728000,83a8d3e15c4,3.73
38338728000,48e72903b3fc,2.90
38338728000,e05a1b1fafc4,1.69
38542739000,83a8d3e15c4,3.71
38542739000,48e72903b3fc,2.93
38542739000,e05a1b1fafc4,1.66
38743650000,83a8d3e15c4,3.74
38743650000,48e72903b3fc,2.91
38743650000,e05a1b1fafc4,1.70
38943669000,83a8d3e15c4,3.71
38943669000,48e72903b3fc,2.90
38943669000,e05a1b1fafc4,1.68
39143750000,83a8d3e15c4,3.72
39143750000,48e72903b3fc,2.89
39143750000,e05a1b1fafc4,1.66
39343716000,83a8d3e15c4,3.72
39343716000,48e72903b3fc,2.98
39343716000,e05a1b1fafc4,1.72
39546631000,83a8d3e15c4,3.69
39546631000,48e72903b3fc,2.95
39546631000,e05a1b1fafc4,1.76
39746750000,83a8d3e15c4,3.64
39746750000,48e72903b3fc,3.00
39746750000,e05a1b1fafc4,1.75
39946720000,83a8d3e15c4,3.66
39946720000,48e72903b3fc,3.02
39946720000,e05a1b1fafc4,1.75
40146668000,83a8d3e15c4,3.68
40146668000,48e72903b3fc,3.00
40146668000,e05a1b1fafc4,1.74
40346627000,83a8d3e15c4,3.67
40346627000,48e72903b3fc,2.97
40346627000,e05a1b1fafc4,1.75
40546662000,83a8d3e15c4,3.63
40546662000,48e72903b3fc,2.98
40546662000,e05a1b1fafc4,1.75
40746785000,83a8d3e15c4,3.65
40746785000,48e72903b3fc,2.98
40746785000,e05a1b1fafc4,1.77
40947689000,83a8d3e15c4,3.66
40947689000,48e72903b3fc,2.91
40947689000,e05a1b1fafc4,1.76
41147720000,83a8d3e15c4,3.63
41147720000,48e72903b3fc,2.97
41147720000,e05a1b1fafc4,1.75
41347689000,83a8d3e15c4,3.61
41347689000,48e72903b3fc,3.01
41347689000,e05a1b1fafc4,1.77
41547720000,83a8d3e15c4,3.67
41547720000,48e72903b3fc,2.99
41547720000,e05a1b1fafc4,1.75
41747579000,83a8d3e15c4,3.64
41747579000,48e72903b3fc,2.99
41747579000,e05a1b1fafc4,1.76
41947705000,83a8d3e15c4,3.64
41947705000,48e72903b3fc,3.00
41947705000,e05a1b1fafc4,1.75
42147750000,83a8d3e15c4,3.65
42147750000,48e72903b3fc,3.02
42147750000,e05a1b1fafc4,1.76
42347590000,83a8d3e15c4,3.63
42347590000,48e72903b3fc,3.01
42347590000,e05a1b1fafc4,1.74
42547684000,83a8d3e15c4,3.69
42547684000,48e72903b3fc,2.99
42547684000,e05a1b1fafc4,1.77
42747631000,83a8d3e15c4,3.66
42747631000,48e72903b3fc,3.03
42747631000,e05a1b1fafc4,1.76
42947601000,83a8d3e15c4,3.66
42947601000,48e72903b3fc,2.96
42947601000,e05a1b1fafc4,1.77
43147776000,83a8d3e15c4,3.65
43147776000,48e72903b3fc,2.93
43147776000,e05a1b1fafc4,1.78
43347763000,83a8d3e15c4,3.67
43347763000,48e72903b3fc,2.96
43347763000,e05a1b1fafc4,1.77
43548643000,83a8d3e15c4,3.65
43548643000,48e72903b3fc,2.95
43548643000,e05a1b1fafc4,1.77
43748656000,83a8d3e15c4,3.67
43748656000,48e72903b3fc,2.93
43748656000,e05a1b1fafc4,1.77
43948768000,83a8d3e15c4,3.67
43948768000,48e72903b3fc,2.97
43948768000,e05a1b1fafc4,1.77
44149662000,83a8d3e15c4,3.65
44149662000,48e72903b3fc,2.95
44149662000,e05a1b1fafc4,1.78
44349650000,83a8d3e15c4,3.61
44349650000,48e72903b3fc,3.00
44349650000,e05a1b1fafc4,1.78
44549682000,83a8d3e15c4,3.62
44549682000,48e72903b3fc,3.05
44549682000,e05a1b1fafc4,1.76
44752719000,83a8d3e15c4,3.63
44752719000,48e72903b3fc,3.12
44752719000,e05a1b1fafc4,1.79
44955680000,83a8d3e15c4,3.62
44955680000,48e72903b3fc,3.22
44955680000,e05a1b1fafc4,1.77
45158745000,83a8d3e15c4,3.63
45158745000,48e72903b3fc,3.13
45158745000,e05a1b1fafc4,1.75
45358618000,83a8d3e15c4,3.63
45358618000,48e72903b3fc,3.02
45358618000,e05a1b1fafc4,1.76
45558662000,83a8d3e15c4,3.61
45558662000,48e72903b3fc,3.01
45558662000,e05a1b1fafc4,1.78
45759678000,83a8d3e15c4,3.68
45759678000,48e72903b3fc,3.13
45759678000,e05a1b1fafc4,1.75
45959654000,83a8d3e15c4,3.68
45959654000,48e72903b3fc,3.00
45959654000,e05a1b1fafc4,1.78
46159676000,83a8d3e15c4,3.60
46159676000,48e72903b3fc,3.07
46159676000,e05a1b1fafc4,1.78
46359720000,83a8d3e15c4,3.64
46359720000,48e72903b3fc,3.00
46359720000,e05a1b1fafc4,1.78
46562693000,83a8d3e15c4,3.63
46562693000,48e72903b3fc,2.98
46562693000,e05a1b1fafc4,1.75
46762682000,83a8d3e15c4,3.65
46762682000,48e72903b3fc,2.98
46762682000,e05a1b1fafc4,1.78
46962713000,83a8d3e15c4,3.65
46962713000,48e72903b3fc,2.97
46962713000,e05a1b1fafc4,1.76
47163672000,83a8d3e15c4,3.61
47163672000,48e72903b3fc,2.95
47163672000,e05a1b1fafc4,1.78
47364662000,83a8d3e15c4,3.65
47364662000,48e72903b3fc,3.00
47364662000,e05a1b1fafc4,1.77
47564590000,83a8d3e15c4,3.63
47564590000,48e72903b3fc,3.00
47564590000,e05a1b1fafc4,1.76
47764662000,83a8d3e15c4,3.61
47764662000,48e72903b3fc,2.99
47764662000,e05a1b1fafc4,1.76
47964599000,83a8d3e15c4,3.65
47964599000,48e72903b3fc,2.99
47964599000,e05a1b1fafc4,1.80
48164656000,83a8d3e15c4,3.62
48164656000,48e72903b3fc,2.96
48164656000,e05a1b1fafc4,1.76
48364678000,83a8d3e15c4,3.58
48364678000,48e72903b3fc,2.99
48364678000,e05a1b1fafc4,1.78
48564667000,83a8d3e15c4,3.64
48564667000,48e72903b3fc,3.02
48564667000,e05a1b1fafc4,1.76
48764637000,83a8d3e15c4,3.64
48764637000,48e72903b3fc,3.01
48764637000,e05a1b1fafc4,1.75
48966717000,83a8d3e15c4,3.60
48966717000,48e72903b3fc,3.04
48966717000,e05a1b1fafc4,1.76
49166741000,83a8d3e15c4,3.59
49166741000,48e72903b3fc,3.09
49166741000,e05a1b1fafc4,1.77
49366735000,83a8d3e15c4,3.59
49366735000,48e72903b3fc,3.02
49366735000,e05a1b1fafc4,1.77
49568668000,83a8d3e15c4,3.54
49568668000,48e72903b3fc,2.97
49568668000,e05a1b1fafc4,1.75
49768657000,83a8d3e15c4,3.58
49768657000,48e72903b3fc,2.97
49768657000,e05a1b1fafc4,1.76
49971625000,83a8d3e15c4,3.59
49971625000,48e72903b3fc,2.96
49971625000,e05a1b1fafc4,1.75
50171607000,83a8d3e15c4,3.55
50171607000,48e72903b3fc,3.06
50171607000,e05a1b1fafc4,1.79
50371695000,83a8d3e15c4,3.56
50371695000,48e72903b3fc,2.98
50371695000,e05a1b1fafc4,1.81
50571662000,83a8d3e15c4,3.56
50571662000,48e72903b3fc,2.97
50571662000,e05a1b1fafc4,1.79
50771708000,83a8d3e15c4,3.60
50771708000,48e72903b3fc,2.96
50771708000,e05a1b1fafc4,1.80
50971698000,83a8d3e15c4,3.61
50971698000,48e72903b3fc,2.95
50971698000,e05a1b1fafc4,1.73
51171652000,83a8d3e15c4,3.57
51171652000,48e72903b3fc,2.95
51171652000,e05a1b1fafc4,1.75
51371650000,83a8d3e15c4,3.63
51371650000,48e72903b3fc,2.99
51371650000,e05a1b1fafc4,1.79
51571842000,83a8d3e15c4,3.59
51571842000,48e72903b3fc,2.97
51571842000,e05a1b1fafc4,1.75
51771733000,83a8d3e15c4,3.56
51771733000,48e72903b3fc,2.98
51771733000,e05a1b1fafc4,1.73
51972718000,83a8d3e15c4,3.60
51972718000,48e72903b3fc,2.94
51972718000,e05a1b1fafc4,1.80
52172756000,83a8d3e15c4,3.60
52172756000,48e72903b3fc,2.97
52172756000,e05a1b1fafc4,1.76
52375666000,83a8d3e15c4,3.56
52375666000,48e72903b3fc,2.98
52375666000,e05a1b1fafc4,1.80
52575663000,83a8d3e15c4,3.62
52575663000,48e72903b3fc,2.92
52575663000,e05a1b1fafc4,1.78
52775675000,83a8d3e15c4,3.59
52775675000,48e72903b3fc,3.01
52775675000,e05a1b1fafc4,1.77
52975702000,83a8d3e15c4,3.59
52975702000,48e72903b3fc,2.99
52975702000,e05a1b1fafc4,1.73
53175801000,83a8d3e15c4,3.62
53175801000,48e72903b3fc,3.00
53175801000,e05a1b1fafc4,1.79
53375637000,83a8d3e15c4,3.59
53375637000,48e72903b3fc,2.98
53375637000,e05a1b1fafc4,1.77
53575672000,83a8d3e15c4,3.57
53575672000,48e72903b3fc,2.99
53575672000,e05a1b1fafc4,1.78
53776617000,83a8d3e15c4,3.58
53776617000,48e72903b3fc,2.95
53776617000,e05a1b1fafc4,1.77
53976619000,83a8d3e15c4,3.55
53976619000,48e72903b3fc,3.06
53976619000,e05a1b1fafc4,1.78
54176663000,83a8d3e15c4,3.55
54176663000,48e72903b3fc,3.08
54176663000,e05a1b1fafc4,1.80
54376763000,83a8d3e15c4,3.49
54376763000,48e72903b3fc,3.05
54376763000,e05a1b1fafc4,1.80
54577849000,83a8d3e15c4,3.49
54577849000,48e72903b3fc,3.07
54577849000,e05a1b1fafc4,1.80
54778714000,83a8d3e15c4,3.53
54778714000,48e72903b3fc,3.09
54778714000,e05a1b1fafc4,1.81
54980733000,83a8d3e15c4,3.52
54980733000,48e72903b3fc,3.09
54980733000,e05a1b1fafc4,1.80
55181643000,83a8d3e15c4,3.52
55181643000,48e72903b3fc,3.06
55181643000,e05a1b1fafc4,1.80
55381771000,83a8d3e15c4,3.53
55381771000,48e72903b3fc,3.07
55381771000,e05a1b1fafc4,1.79
55581662000,83a8d3e15c4,3.52
55581662000,48e72903b3fc,3.08
55581662000,e05a1b1fafc4,1.79
55781602000,83a8d3e15c4,3.55
55781602000,48e72903b3fc,3.08
55781602000,e05a1b1fafc4,1.80
55981656000,83a8d3e15c4,3.53
55981656000,48e72903b3fc,3.08
55981656000,e05a1b1fafc4,1.81
56181793000,83a8d3e15c4,3.51
56181793000,48e72903b3fc,3.08
56181793000,e05a1b1fafc4,1.78
56381709000,83a8d3e15c4,3.52
56381709000,48e72903b3fc,3.06
56381709000,e05a1b1fafc4,1.80
56584732000,83a8d3e15c4,3.52
56584732000,48e72903b3fc,3.06
56584732000,e05a1b1fafc4,1.81
56784566000,83a8d3e15c4,3.52
56784566000,48e72903b3fc,3.04
56784566000,e05a1b1fafc4,1.81
56984679000,83a8d3e15c4,3.53
56984679000,48e72903b3fc,3.06
56984679000,e05a1b1fafc4,1.79
57184727000,83a8d3e15c4,3.49
57184727000,48e72903b3fc,3.06
57184727000,e05a1b1fafc4,1.80
57384703000,83a8d3e15c4,3.47
57384703000,48e72903b3fc,3.06
57384703000,e05a1b1fafc4,1.80
57586661000,83a8d3e15c4,3.47
57586661000,48e72903b3fc,3.06
57586661000,e05a1b1fafc4,1.79
57786750000,83a8d3e15c4,3.51
57786750000,48e72903b3fc,3.06
57786750000,e05a1b1fafc4,1.80
57986691000,83a8d3e15c4,3.46
57986691000,48e72903b3fc,3.13
57986691000,e05a1b1fafc4,1.83
58186602000,83a8d3e15c4,3.46
58186602000,48e72903b3fc,3.04
58186602000,e05a1b1fafc4,1.81
58386749000,83a8d3e15c4,3.46
58386749000,48e72903b3fc,3.00
58386749000,e05a1b1fafc4,1.83
58586780000,83a8d3e15c4,3.44
58586780000,48e72903b3fc,3.01
58586780000,e05a1b1fafc4,1.82
58790626000,83a8d3e15c4,3.43
58790626000,48e72903b3fc,2.98
58790626000,e05a1b1fafc4,1.82
58990770000,83a8d3e15c4,3.46
58990770000,48e72903b3fc,3.03
58990770000,e05a1b1fafc4,1.80
59192665000,83a8d3e15c4,3.45
59192665000,48e72903b3fc,3.00
59192665000,e05a1b1fafc4,1.83
59392825000,83a8d3e15c4,3.43
59392825000,48e72903b3fc,3.04
59392825000,e05a1b1fafc4,1.84
59592688000,83a8d3e15c4,3.43
59592688000,48e72903b3fc,3.03
59592688000,e05a1b1fafc4,1.83
59792714000,83a8d3e15c4,3.43
59792714000,48e72903b3fc,3.04
59792714000,e05a1b1fafc4,1.84
59994736000,83a8d3e15c4,3.47
59994736000,48e72903b3fc,3.02
59994736000,e05a1b1fafc4,1.82
60199744000,83a8d3e15c4,3.47
60199744000,48e72903b3fc,2.97
60199744000,e05a1b1fafc4,1.82
60399740000,83a8d3e15c4,3.47
60399740000,48e72903b3fc,3.03
60399740000,e05a1b1fafc4,1.82
60599800000,83a8d3e15c4,3.50
60599800000,48e72903b3fc,3.01
60599800000,e05a1b1fafc4,1.82
60799733000,83a8d3e15c4,3.44
60799733000,48e72903b3fc,3.00
60799733000,e05a1b1fafc4,1.83
60999656000,83a8d3e15c4,3.47
60999656000,48e72903b3fc,3.03
60999656000,e05a1b1fafc4,1.84
61199731000,83a8d3e15c4,3.49
61199731000,48e72903b3fc,3.01
61199731000,e05a1b1fafc4,1.81
61400721000,83a8d3e15c4,3.45
61400721000,48e72903b3fc,3.01
61400721000,e05a1b1fafc4,1.81
61600707000,83a8d3e15c4,3.46
61600707000,48e72903b3fc,3.01
61600707000,e05a1b1fafc4,1.82
61800749000,83a8d3e15c4,3.44
61800749000,48e72903b3fc,3.03
61800749000,e05a1b1fafc4,1.83
62000696000,83a8d3e15c4,3.47
62000696000,48e72903b3fc,2.98
62000696000,e05a1b1fafc4,1.82
62200689000,83a8d3e15c4,3.45
62200689000,48e72903b3fc,3.01
62200689000,e05a1b1fafc4,1.82
62400681000,83a8d3e15c4,3.42
62400681000,48e72903b3fc,2.98
62400681000,e05a1b1fafc4,1.84
62601734000,83a8d3e15c4,3.39
62601734000,48e72903b3fc,3.05
62601734000,e05a1b1fafc4,1.82
62801817000,83a8d3e15c4,3.44
62801817000,48e72903b3fc,3.02
62801817000,e05a1b1fafc4,1.85
63001599000,83a8d3e15c4,3.43
63001599000,48e72903b3fc,3.02
63001599000,e05a1b1fafc4,1.87
63201637000,83a8d3e15c4,3.43
63201637000,48e72903b3fc,3.01
63201637000,e05a1b1fafc4,1.87
63401691000,83a8d3e15c4,3.42
63401691000,48e72903b3fc,3.03
63401691000,e05a1b1fafc4,1.86
63601754000,83a8d3e15c4,3.45
63601754000,48e72903b3fc,3.05
63601754000,e05a1b1fafc4,1.86
63801829000,83a8d3e15c4,3.44
63801829000,48e72903b3fc,3.04
63801829000,e05a1b1fafc4,1.86
64001720000,83a8d3e15c4,3.42
64001720000,48e72903b3fc,3.02
64001720000,e05a1b1fafc4,1.85
64201732000,83a8d3e15c4,3.45
64201732000,48e72903b3fc,3.04
64201732000,e05a1b1fafc4,1.85
64404732000,83a8d3e15c4,3.43
64404732000,48e72903b3fc,3.04
64404732000,e05a1b1fafc4,1.88
64605749000,83a8d3e15c4,3.43
64605749000,48e72903b3fc,3.04
64605749000,e05a1b1fafc4,1.86
64806618000,83a8d3e15c4,3.43
64806618000,48e72903b3fc,3.04
64806618000,e05a1b1fafc4,1.85
65006584000,83a8d3e15c4,3.41
65006584000,48e72903b3fc,3.04
65006584000,e05a1b1fafc4,1.84
65206689000,83a8d3e15c4,3.43
65206689000,48e72903b3fc,3.02
65206689000,e05a1b1fafc4,1.84
65406682000,83a8d3e15c4,3.43
65406682000,48e72903b3fc,3.01
65406682000,e05a1b1fafc4,1.85
65607692000,83a8d3e15c4,3.41
65607692000,48e72903b3fc,3.02
65607692000,e05a1b1fafc4,1.85
65807720000,83a8d3e15c4,3.43
65807720000,48e72903b3fc,3.06
65807720000,e05a1b1fafc4,1.83
66007683000,83a8d3e15c4,3.46
66007683000,48e72903b3fc,3.06
66007683000,e05a1b1fafc4,1.85
66207602000,83a8d3e15c4,3.42
66207602000,48e72903b3fc,3.04
66207602000,e05a1b1fafc4,1.87
66407601000,83a8d3e15c4,3.44
66407601000,48e72903b3fc,3.04
66407601000,e05a1b1fafc4,1.85
66607799000,83a8d3e15c4,3.40
66607799000,48e72903b3fc,3.04
66607799000,e05a1b1fafc4,1.85
66807727000,83a8d3e15c4,3.38
66807727000,48e72903b3fc,2.97
66807727000,e05a1b1fafc4,1.86
67007656000,83a8d3e15c4,3.43
67007656000,48e72903b3fc,2.98
67007656000,e05a1b1fafc4,1.88
67207691000,83a8d3e15c4,3.39
67207691000,48e72903b3fc,2.96
67207691000,e05a1b1fafc4,1.87
67407653000,83a8d3e15c4,3.40
67407653000,48e72903b3fc,2.95
67407653000,e05a1b1fafc4,1.87
67607579000,83a8d3e15c4,3.40
67607579000,48e72903b3fc,2.96
67607579000,e05a1b1fafc4,1.87
67807750000,83a8d3e15c4,3.38
67807750000,48e72903b3fc,2.95
67807750000,e05a1b1fafc4,1.89
68007572000,83a8d3e15c4,3.38
68007572000,48e72903b3fc,2.97
68007572000,e05a1b1fafc4,1.89
68207714000,83a8d3e15c4,3.40
68207714000,48e72903b3fc,2.98
68207714000,e05a1b1fafc4,1.86
68407602000,83a8d3e15c4,3.37
68407602000,48e72903b3fc,2.96
68407602000,e05a1b1fafc4,1.85
68607683000,83a8d3e15c4,3.38
68607683000,48e72903b3fc,2.95
68607683000,e05a1b1fafc4,1.87
68807746000,83a8d3e15c4,3.39
68807746000,48e72903b3fc,2.98
68807746000,e05a1b1fafc4,1.89
69011663000,83a8d3e15c4,3.39
69011663000,48e72903b3fc,2.92
69011663000,e05a1b1fafc4,1.87
69212677000,83a8d3e15c4,3.45
69212677000,48e72903b3fc,2.96
69212677000,e05a1b1fafc4,1.89
69414738000,83a8d3e15c4,3.38
69414738000,48e72903b3fc,2.92
69414738000,e05a1b1fafc4,1.90
69614640000,83a8d3e15c4,3.38
69614640000,48e72903b3fc,2.98
69614640000,e05a1b1fafc4,1.86
69814762000,83a8d3e15c4,3.41
69814762000,48e72903b3fc,2.99
69814762000,e05a1b1fafc4,1.87
70014679000,83a8d3e15c4,3.42
70014679000,48e72903b3fc,2.98
70014679000,e05a1b1fafc4,1.87
70215697000,83a8d3e15c4,3.39
70215697000,48e72903b3fc,2.96
70215697000,e05a1b1fafc4,1.90
70415719000,83a8d3e15c4,3.38
70415719000,48e72903b3fc,3.00
70415719000,e05a1b1fafc4,1.86
70615743000,83a8d3e15c4,3.38
70615743000,48e72903b3fc,2.99
70615743000,e05a1b1fafc4,1.93
70815631000,83a8d3e15c4,3.36
70815631000,48e72903b3fc,2.96
70815631000,e05a1b1fafc4,1.94
71015648000,83a8d3e15c4,3.34
71015648000,48e72903b3fc,3.09
71015648000,e05a1b1fafc4,1.99
71215664000,83a8d3e15c4,3.35
71215664000,48e72903b3fc,3.10
71215664000,e05a1b1fafc4,1.96
71415709000,83a8d3e15c4,3.34
71415709000,48e72903b3fc,3.12
71415709000,e05a1b1fafc4,1.96
71615737000,83a8d3e15c4,3.36
71615737000,48e72903b3fc,3.07
71615737000,e05a1b1fafc4,1.97
71815787000,83a8d3e15c4,3.35
71815787000,48e72903b3fc,3.04
71815787000,e05a1b1fafc4,1.97
72015650000,83a8d3e15c4,3.39
72015650000,48e72903b3fc,3.10
72015650000,e05a1b1fafc4,2.00
72215763000,83a8d3e15c4,3.33
72215763000,48e72903b3fc,3.04
72215763000,e05a1b1fafc4,2.01
72415795000,83a8d3e15c4,3.33
72415795000,48e72903b3fc,3.04
72415795000,e05a1b1fafc4,1.92
72615815000,83a8d3e15c4,3.35
72615815000,48e72903b3fc,3.06
72615815000,e05a1b1fafc4,1.96
72815713000,83a8d3e15c4,3.32
72815713000,48e72903b3fc,3.08
72815713000,e05a1b1fafc4,1.96
73015755000,83a8d3e15c4,3.36
73015755000,48e72903b3fc,3.05
73015755000,e05a1b1fafc4,1.99
73215653000,83a8d3e15c4,3.34
73215653000,48e72903b3fc,3.03
73215653000,e05a1b1fafc4,1.96
73416612000,83a8d3e15c4,3.39
73416612000,48e72903b3fc,3.08
73416612000,e05a1b1fafc4,1.96
73616682000,83a8d3e15c4,3.39
73616682000,48e72903b3fc,3.09
73616682000,e05a1b1fafc4,1.99
73818732000,83a8d3e15c4,3.36
73818732000,48e72903b3fc,3.03
73818732000,e05a1b1fafc4,2.00
74018709000,83a8d3e15c4,3.35
74018709000,48e72903b3fc,3.05
74018709000,e05a1b1fafc4,1.97
74218691000,83a8d3e15c4,3.36
74218691000,48e72903b3fc,3.09
74218691000,e05a1b1fafc4,1.93
74418767000,83a8d3e15c4,3.36
74418767000,48e72903b3fc,3.12
74418767000,e05a1b1fafc4,1.98
74619746000,83a8d3e15c4,3.33
74619746000,48e72903b3fc,3.07
74619746000,e05a1b1fafc4,1.95
74820690000,83a8d3e15c4,3.38
74820690000,48e72903b3fc,3.05
74820690000,e05a1b1fafc4,2.00
75020782000,83a8d3e15c4,3.30
75020782000,48e72903b3fc,3.04
75020782000,e05a1b1fafc4,1.97
75220786000,83a8d3e15c4,3.35
75220786000,48e72903b3fc,2.97
75220786000,e05a1b1fafc4,1.97
75422611000,83a8d3e15c4,3.32
75422611000,48e72903b3fc,2.95
75422611000,e05a1b1fafc4,1.99
75622715000,83a8d3e15c4,3.34
75622715000,48e72903b3fc,2.98
75622715000,e05a1b1fafc4,1.99
75822712000,83a8d3e15c4,3.32
75822712000,48e72903b3fc,2.97
75822712000,e05a1b1fafc4,2.02
76022663000,83a8d3e15c4,3.36
76022663000,48e72903b3fc,3.01
76022663000,e05a1b1fafc4,1.99
76222746000,83a8d3e15c4,3.34
76222746000,48e72903b3fc,2.97
76222746000,e05a1b1fafc4,1.97
76422623000,83a8d3e15c4,3.36
76422623000,48e72903b3fc,2.98
76422623000,e05a1b1fafc4,1.99
76622768000,83a8d3e15c4,3.35
76622768000,48e72903b3fc,3.01
76622768000,e05a1b1fafc4,2.00
76824758000,83a8d3e15c4,3.34
76824758000,48e72903b3fc,2.97
76824758000,e05a1b1fafc4,1.99
77024773000,83a8d3e15c4,3.33
77024773000,48e72903b3fc,2.98
77024773000,e05a1b1fafc4,1.97
77225754000,83a8d3e15c4,3.35
77225754000,48e72903b3fc,3.01
77225754000,e05a1b1fafc4,1.97
77428590000,83a8d3e15c4,3.27
77428590000,48e72903b3fc,3.01
77428590000,e05a1b1fafc4,2.00
77628612000,83a8d3e15c4,3.35
77628612000,48e72903b3fc,2.96
77628612000,e05a1b1fafc4,2.01
77828720000,83a8d3e15c4,3.34
77828720000,48e72903b3fc,3.00
77828720000,e05a1b1fafc4,2.01
78028720000,83a8d3e15c4,3.30
78028720000,48e72903b3fc,2.99
78028720000,e05a1b1fafc4,2.00
78228778000,83a8d3e15c4,3.33
78228778000,48e72903b3fc,3.00
78228778000,e05a1b1fafc4,1.97
78429598000,83a8d3e15c4,3.35
78429598000,48e72903b3fc,2.99
78429598000,e05a1b1fafc4,1.95
78630612000,83a8d3e15c4,3.33
78630612000,48e72903b3fc,2.96
78630612000,e05a1b1fafc4,1.99
78830685000,83a8d3e15c4,3.30
78830685000,48e72903b3fc,2.98
78830685000,e05a1b1fafc4,2.00
79033698000,83a8d3e15c4,3.35
79033698000,48e72903b3fc,3.00
79033698000,e05a1b1fafc4,1.99
79233705000,83a8d3e15c4,3.31
79233705000,48e72903b3fc,3.09
79233705000,e05a1b1fafc4,2.03
79436764000,83a8d3e15c4,3.27
79436764000,48e72903b3fc,3.11
79436764000,e05a1b1fafc4,2.00
79636773000,83a8d3e15c4,3.30
79636773000,48e72903b3fc,3.10
79636773000,e05a1b1fafc4,2.01
79836721000,83a8d3e15c4,3.32
79836721000,48e72903b3fc,3.11
79836721000,e05a1b1fafc4,2.00
80039668000,83a8d3e15c4,3.29
80039668000,48e72903b3fc,3.13
80039668000,e05a1b1fafc4,2.04
80239626000,83a8d3e15c4,3.30
80239626000,48e72903b3fc,3.15
80239626000,e05a1b1fafc4,2.04
80439720000,83a8d3e15c4,3.28
80439720000,48e72903b3fc,3.15
80439720000,e05a1b1fafc4,2.02
80639717000,83a8d3e15c4,3.33
80639717000,48e72903b3fc,3.15
80639717000,e05a1b1fafc4,2.02
80839652000,83a8d3e15c4,3.31
80839652000,48e72903b3fc,3.13
80839652000,e05a1b1fafc4,2.01
81039763000,83a8d3e15c4,3.31
81039763000,48e72903b3fc,3.14
81039763000,e05a1b1fafc4,2.03
81239743000,83a8d3e15c4,3.31
81239743000,48e72903b3fc,3.13
81239743000,e05a1b1fafc4,2.02
81439644000,83a8d3e15c4,3.27
81439644000,48e72903b3fc,3.12
81439644000,e05a1b1fafc4,2.02
81639667000,83a8d3e15c4,3.26
81639667000,48e72903b3fc,3.12
81639667000,e05a1b1fafc4,2.02
81839698000,83a8d3e15c4,3.31
81839698000,48e72903b3fc,3.17
81839698000,e05a1b1fafc4,2.05
82039780000,83a8d3e15c4,3.27
82039780000,48e72903b3fc,3.14
82039780000,e05a1b1fafc4,2.03
82239630000,83a8d3e15c4,3.29
82239630000,48e72903b3fc,3.14
82239630000,e05a1b1fafc4,2.01
82439696000,83a8d3e15c4,3.28
82439696000,48e72903b3fc,3.14
82439696000,e05a1b1fafc4,2.03
82639662000,83a8d3e15c4,3.30
82639662000,48e72903b3fc,3.13
82639662000,e05a1b1fafc4,2.00
82840763000,83a8d3e15c4,3.28
82840763000,48e72903b3fc,3.11
82840763000,e05a1b1fafc4,2.01
83042736000,83a8d3e15c4,3.30
83042736000,48e72903b3fc,3.15
83042736000,e05a1b1fafc4,2.05
83242637000,83a8d3e15c4,3.23
83242637000,48e72903b3fc,3.22
83242637000,e05a1b1fafc4,2.05
83443671000,83a8d3e15c4,3.24
83443671000,48e72903b3fc,3.14
83443671000,e05a1b1fafc4,2.07
83644662000,83a8d3e15c4,3.20
83644662000,48e72903b3fc,3.13
83644662000,e05a1b1fafc4,2.08
83844786000,83a8d3e15c4,3.17
83844786000,48e72903b3fc,3.14
83844786000,e05a1b1fafc4,2.09
84047580000,83a8d3e15c4,3.28
84047580000,48e72903b3fc,3.16
84047580000,e05a1b1fafc4,2.10
84247750000,83a8d3e15c4,3.26
84247750000,48e72903b3fc,3.14
84247750000,e05a1b1fafc4,2.11
84447662000,83a8d3e15c4,3.26
84447662000,48e72903b3fc,3.11
84447662000,e05a1b1fafc4,2.05
84647601000,83a8d3e15c4,3.30
84647601000,48e72903b3fc,3.14
84647601000,e05a1b1fafc4,2.09
84847571000,83a8d3e15c4,3.25
84847571000,48e72903b3fc,3.12
84847571000,e05a1b1fafc4,2.06
85047720000,83a8d3e15c4,3.27
85047720000,48e72903b3fc,3.11
85047720000,e05a1b1fafc4,2.08
85247664000,83a8d3e15c4,3.26
85247664000,48e72903b3fc,3.15
85247664000,e05a1b1fafc4,2.07
85447690000,83a8d3e15c4,3.26
85447690000,48e72903b3fc,3.20
85447690000,e05a1b1fafc4,2.09
85647647000,83a8d3e15c4,3.26
85647647000,48e72903b3fc,3.14
85647647000,e05a1b1fafc4,2.09
85847612000,83a8d3e15c4,3.26
85847612000,48e72903b3fc,3.15
85847612000,e05a1b1fafc4,2.10
86047631000,83a8d3e15c4,3.22
86047631000,48e72903b3fc,3.17
86047631000,e05a1b1fafc4,2.06
86247652000,83a8d3e15c4,3.22
86247652000,48e72903b3fc,3.14
86247652000,e05a1b1fafc4,2.06
86447750000,83a8d3e15c4,3.20
86447750000,48e72903b3fc,3.16
86447750000,e05a1b1fafc4,2.05
86647657000,83a8d3e15c4,3.20
86647657000,48e72903b3fc,3.13
86647657000,e05a1b1fafc4,2.07
86847799000,83a8d3e15c4,3.23
86847799000,48e72903b3fc,3.17
86847799000,e05a1b1fafc4,2.08
87047602000,83a8d3e15c4,3.21
87047602000,48e72903b3fc,3.16
87047602000,e05a1b1fafc4,2.07
87247631000,83a8d3e15c4,3.24
87247631000,48e72903b3fc,3.13
87247631000,e05a1b1fafc4,2.12
87447608000,83a8d3e15c4,3.19
87447608000,48e72903b3fc,3.11
87447608000,e05a1b1fafc4,2.16
87648605000,83a8d3e15c4,3.18
87648605000,48e72903b3fc,3.11
87648605000,e05a1b1fafc4,2.12
87848602000,83a8d3e15c4,3.17
87848602000,48e72903b3fc,3.13
87848602000,e05a1b1fafc4,2.14
88048608000,83a8d3e15c4,3.24
88048608000,48e72903b3fc,3.15
88048608000,e05a1b1fafc4,2.12
88248632000,83a8d3e15c4,3.22
88248632000,48e72903b3fc,3.13
88248632000,e05a1b1fafc4,2.13
88448657000,83a8d3e15c4,3.24
88448657000,48e72903b3fc,3.14
88448657000,e05a1b1fafc4,2.12
88648734000,83a8d3e15c4,3.19
88648734000,48e72903b3fc,3.12
88648734000,e05a1b1fafc4,2.12
88848652000,83a8d3e15c4,3.20
88848652000,48e72903b3fc,3.14
88848652000,e05a1b1fafc4,2.10
89048603000,83a8d3e15c4,3.23
89048603000,48e72903b3fc,3.12
89048603000,e05a1b1fafc4,2.10
89248721000,83a8d3e15c4,3.20
89248721000,48e72903b3fc,3.12
89248721000,e05a1b1fafc4,2.10
89448749000,83a8d3e15c4,3.21
89448749000,48e72903b3fc,3.14
89448749000,e05a1b1fafc4,2.09
89648633000,83a8d3e15c4,3.20
89648633000,48e72903b3fc,3.14
89648633000,e05a1b1fafc4,2.11
89848656000,83a8d3e15c4,3.19
89848656000,48e72903b3fc,3.13
89848656000,e05a1b1fafc4,2.12
90048632000,83a8d3e15c4,3.18
90048632000,48e72903b3fc,3.12
90048632000,e05a1b1fafc4,2.11
90248638000,83a8d3e15c4,3.19
90248638000,48e72903b3fc,3.15
90248638000,e05a1b1fafc4,2.11
90448721000,83a8d3e15c4,3.17
90448721000,48e72903b3fc,3.13
90448721000,e05a1b1fafc4,2.12
90648726000,83a8d3e15c4,3.20
90648726000,48e72903b3fc,3.12
90648726000,e05a1b1fafc4,2.11
90850643000,83a8d3e15c4,3.15
90850643000,48e72903b3fc,3.14
90850643000,e05a1b1fafc4,2.13
91050681000,83a8d3e15c4,3.14
91050681000,48e72903b3fc,3.21
91050681000,e05a1b1fafc4,2.16
91250749000,83a8d3e15c4,3.16
91250749000,48e72903b3fc,3.26
91250749000,e05a1b1fafc4,2.15
91450697000,83a8d3e15c4,3.15
91450697000,48e72903b3fc,3.26
91450697000,e05a1b1fafc4,2.16
91651640000,83a8d3e15c4,3.11
91651640000,48e72903b3fc,3.22
91651640000,e05a1b1fafc4,2.15
91851768000,83a8d3e15c4,3.14
91851768000,48e72903b3fc,3.25
91851768000,e05a1b1fafc4,2.17
92051658000,83a8d3e15c4,3.15
92051658000,48e72903b3fc,3.26
92051658000,e05a1b1fafc4,2.17
92251617000,83a8d3e15c4,3.17
92251617000,48e72903b3fc,3.25
92251617000,e05a1b1fafc4,2.13
92452649000,83a8d3e15c4,3.14
92452649000,48e72903b3fc,3.27
92452649000,e05a1b1fafc4,2.18
92653607000,83a8d3e15c4,3.15
92653607000,48e72903b3fc,3.29
92653607000,e05a1b1fafc4,2.15
92853691000,83a8d3e15c4,3.14
92853691000,48e72903b3fc,3.28
92853691000,e05a1b1fafc4,2.16
93053676000,83a8d3e15c4,3.12
93053676000,48e72903b3fc,3.25
93053676000,e05a1b1fafc4,2.14
93253668000,83a8d3e15c4,3.12
93253668000,48e72903b3fc,3.25
93253668000,e05a1b1fafc4,2.15
93455695000,83a8d3e15c4,3.14
93455695000,48e72903b3fc,3.26
93455695000,e05a1b1fafc4,2.18
93658813000,83a8d3e15c4,3.11
93658813000,48e72903b3fc,3.26
93658813000,e05a1b1fafc4,2.18
93858681000,83a8d3e15c4,3.11
93858681000,48e72903b3fc,3.24
93858681000,e05a1b1fafc4,2.15
94059786000,83a8d3e15c4,3.10
94059786000,48e72903b3fc,3.29
94059786000,e05a1b1fafc4,2.17
94259697000,83a8d3e15c4,3.13
94259697000,48e72903b3fc,3.29
94259697000,e05a1b1fafc4,2.17
94460663000,83a8d3e15c4,3.13
94460663000,48e72903b3fc,3.26
94460663000,e05a1b1fafc4,2.12
94660608000,83a8d3e15c4,3.11
94660608000,48e72903b3fc,3.22
94660608000,e05a1b1fafc4,2.17
94860832000,83a8d3e15c4,3.12
94860832000,48e72903b3fc,3.19
94860832000,e05a1b1fafc4,2.15
95061774000,83a8d3e15c4,3.12
95061774000,48e72903b3fc,3.20
95061774000,e05a1b1fafc4,2.14
95261724000,83a8d3e15c4,3.09
95261724000,48e72903b3fc,3.17
95261724000,e05a1b1fafc4,2.16
95464763000,83a8d3e15c4,3.09
95464763000,48e72903b3fc,3.19
95464763000,e05a1b1fafc4,2.15
95664632000,83a8d3e15c4,3.08
95664632000,48e72903b3fc,3.16
95664632000,e05a1b1fafc4,2.16
95864596000,83a8d3e15c4,3.13
95864596000,48e72903b3fc,3.25
95864596000,e05a1b1fafc4,2.17
96064750000,83a8d3e15c4,3.11
96064750000,48e72903b3fc,3.22
96064750000,e05a1b1fafc4,2.18
96264616000,83a8d3e15c4,3.05
96264616000,48e72903b3fc,3.21
96264616000,e05a1b1fafc4,2.18
96465748000,83a8d3e15c4,3.10
96465748000,48e72903b3fc,3.22
96465748000,e05a1b1fafc4,2.18
96666783000,83a8d3e15c4,3.08
96666783000,48e72903b3fc,3.26
96666783000,e05a1b1fafc4,2.18
96868662000,83a8d3e15c4,3.05
96868662000,48e72903b3fc,3.24
96868662000,e05a1b1fafc4,2.17
97068712000,83a8d3e15c4,3.09
97068712000,48e72903b3fc,3.23
97068712000,e05a1b1fafc4,2.16
97268652000,83a8d3e15c4,3.04
97268652000,48e72903b3fc,3.21
97268652000,e05a1b1fafc4,2.19
97468602000,83a8d3e15c4,3.10
97468602000,48e72903b3fc,3.24
97468602000,e05a1b1fafc4,2.18
97668636000,83a8d3e15c4,3.06
97668636000,48e72903b3fc,3.26
97668636000,e05a1b1fafc4,2.14
97868641000,83a8d3e15c4,3.12
97868641000,48e72903b3fc,3.24
97868641000,e05a1b1fafc4,2.17
98068755000,83a8d3e15c4,3.13
98068755000,48e72903b3fc,3.24
98068755000,e05a1b1fafc4,2.16
98268688000,83a8d3e15c4,3.11
98268688000,48e72903b3fc,3.18
98268688000,e05a1b1fafc4,2.16
98469627000,83a8d3e15c4,3.12
98469627000,48e72903b3fc,3.22
98469627000,e05a1b1fafc4,2.16
98669599000,83a8d3e15c4,3.09
98669599000,48e72903b3fc,3.20
98669599000,e05a1b1fafc4,2.16
98869694000,83a8d3e15c4,3.10
98869694000,48e72903b3fc,3.20
98869694000,e05a1b1fafc4,2.17
99069666000,83a8d3e15c4,3.10
99069666000,48e72903b3fc,3.20
99069666000,e05a1b1fafc4,2.21
99269765000,83a8d3e15c4,3.11
99269765000,48e72903b3fc,3.19
99269765000,e05a1b1fafc4,2.22
99469582000,83a8d3e15c4,3.11
99469582000,48e72903b3fc,3.22
99469582000,e05a1b1fafc4,2.23
99671600000,83a8d3e15c4,3.10
99671600000,48e72903b3fc,3.19
99671600000,e05a1b1fafc4,2.23
99871710000,83a8d3e15c4,3.06
99871710000,48e72903b3fc,3.26
99871710000,e05a1b1fafc4,2.22
100071702000,83a8d3e15c4,3.13
100071702000,48e72903b3fc,3.24
100071702000,e05a1b1fafc4,2.23
100272643000,83a8d3e15c4,3.05
100272643000,48e72903b3fc,3.22
100272643000,e05a1b1fafc4,2.22
100472750000,83a8d3e15c4,3.07
100472750000,48e72903b3fc,3.24
100472750000,e05a1b1fafc4,2.23
100672593000,83a8d3e15c4,3.04
100672593000,48e72903b3fc,3.23
100672593000,e05a1b1fafc4,2.22
100873690000,83a8d3e15c4,3.01
100873690000,48e72903b3fc,3.18
100873690000,e05a1b1fafc4,2.24
101073753000,83a8d3e15c4,3.03
101073753000,48e72903b3fc,3.18
101073753000,e05a1b1fafc4,2.21
101273811000,83a8d3e15c4,3.10
101273811000,48e72903b3fc,3.21
101273811000,e05a1b1fafc4,2.23
101477750000,83a8d3e15c4,3.05
101477750000,48e72903b3fc,3.24
101477750000,e05a1b1fafc4,2.22
101677745000,83a8d3e15c4,3.07
101677745000,48e72903b3fc,3.21
101677745000,e05a1b1fafc4,2.22
101877697000,83a8d3e15c4,3.08
101877697000,48e72903b3fc,3.22
101877697000,e05a1b1fafc4,2.27
102077612000,83a8d3e15c4,3.06
102077612000,48e72903b3fc,3.25
102077612000,e05a1b1fafc4,2.21
102278769000,83a8d3e15c4,3.09
102278769000,48e72903b3fc,3.24
102278769000,e05a1b1fafc4,2.21
102482630000,83a8d3e15c4,3.06
102482630000,48e72903b3fc,3.26
102482630000,e05a1b1fafc4,2.22
102683750000,83a8d3e15c4,3.07
102683750000,48e72903b3fc,3.25
102683750000,e05a1b1fafc4,2.21
102883690000,83a8d3e15c4,3.09
102883690000,48e72903b3fc,3.26
102883690000,e05a1b1fafc4,2.24
103083750000,83a8d3e15c4,3.06
103083750000,48e72903b3fc,3.28
103083750000,e05a1b1fafc4,2.21
103284689000,83a8d3e15c4,3.14
103284689000,48e72903b3fc,3.28
103284689000,e05a1b1fafc4,2.24
103484665000,83a8d3e15c4,3.14
103484665000,48e72903b3fc,3.34
103484665000,e05a1b1fafc4,2.31
103684721000,83a8d3e15c4,3.17
103684721000,48e72903b3fc,3.33
103684721000,e05a1b1fafc4,2.32
103884653000,83a8d3e15c4,3.12
103884653000,48e72903b3fc,3.30
103884653000,e05a1b1fafc4,2.33
104084690000,83a8d3e15c4,3.11
104084690000,48e72903b3fc,3.32
104084690000,e05a1b1fafc4,2.32
104287622000,83a8d3e15c4,3.08
104287622000,48e72903b3fc,3.29
104287622000,e05a1b1fafc4,2.31
104487741000,83a8d3e15c4,3.04
104487741000,48e72903b3fc,3.32
104487741000,e05a1b1fafc4,2.30
104687631000,83a8d3e15c4,3.09
104687631000,48e72903b3fc,3.33
104687631000,e05a1b1fafc4,2.30
104887753000,83a8d3e15c4,3.05
104887753000,48e72903b3fc,3.27
104887753000,e05a1b1fafc4,2.29
105089690000,83a8d3e15c4,3.02
105089690000,48e72903b3fc,3.35
105089690000,e05a1b1fafc4,2.28
105289664000,83a8d3e15c4,3.04
105289664000,48e72903b3fc,3.32
105289664000,e05a1b1fafc4,2.25
105489656000,83a8d3e15c4,3.07
105489656000,48e72903b3fc,3.31
105489656000,e05a1b1fafc4,2.31
105689689000,83a8d3e15c4,3.07
105689689000,48e72903b3fc,3.29
105689689000,e05a1b1fafc4,2.28
105889669000,83a8d3e15c4,3.07
105889669000,48e72903b3fc,3.32
105889669000,e05a1b1fafc4,2.30
106089582000,83a8d3e15c4,3.07
106089582000,48e72903b3fc,3.31
106089582000,e05a1b1fafc4,2.29
106290663000,83a8d3e15c4,3.12
106290663000,48e72903b3fc,3.33
106290663000,e05a1b1fafc4,2.26
106490625000,83a8d3e15c4,3.06
106490625000,48e72903b3fc,3.28
106490625000,e05a1b1fafc4,2.31
106690608000,83a8d3e15c4,3.03
106690608000,48e72903b3fc,3.33
106690608000,e05a1b1fafc4,2.28
106890689000,83a8d3e15c4,3.01
106890689000,48e72903b3fc,3.36
106890689000,e05a1b1fafc4,2.33
107090633000,83a8d3e15c4,3.03
107090633000,48e72903b3fc,3.31
107090633000,e05a1b1fafc4,2.32
107290665000,83a8d3e15c4,3.01
107290665000,48e72903b3fc,3.36
107290665000,e05a1b1fafc4,2.30
107490602000,83a8d3e15c4,3.01
107490602000,48e72903b3fc,3.25
107490602000,e05a1b1fafc4,2.34
107690631000,83a8d3e15c4,3.03
107690631000,48e72903b3fc,3.33
107690631000,e05a1b1fafc4,2.34
107890602000,83a8d3e15c4,3.05
107890602000,48e72903b3fc,3.34
107890602000,e05a1b1fafc4,2.31
108090600000,83a8d3e15c4,3.05
108090600000,48e72903b3fc,3.33
108090600000,e05a1b1fafc4,2.31
108290750000,83a8d3e15c4,3.14
108290750000,48e72903b3fc,3.34
108290750000,e05a1b1fafc4,2.34
108491712000,83a8d3e15c4,3.07
108491712000,48e72903b3fc,3.34
108491712000,e05a1b1fafc4,2.31
108691739000,83a8d3e15c4,3.08
108691739000,48e72903b3fc,3.35
108691739000,e05a1b1fafc4,2.30
108891620000,83a8d3e15c4,3.04
108891620000,48e72903b3fc,3.32
108891620000,e05a1b1fafc4,2.30
109091680000,83a8d3e15c4,3.04
109091680000,48e72903b3fc,3.34
109091680000,e05a1b1fafc4,2.32
109293669000,83a8d3e15c4,3.02
109293669000,48e72903b3fc,3.34
109293669000,e05a1b1fafc4,2.32
109493728000,83a8d3e15c4,3.06
109493728000,48e72903b3fc,3.33
109493728000,e05a1b1fafc4,2.29
109693631000,83a8d3e15c4,3.04
109693631000,48e72903b3fc,3.38
109693631000,e05a1b1fafc4,2.34
109893699000,83a8d3e15c4,3.01
109893699000,48e72903b3fc,3.34
109893699000,e05a1b1fafc4,2.34
110094670000,83a8d3e15c4,3.04
110094670000,48e72903b3fc,3.36
110094670000,e05a1b1fafc4,2.34
110294713000,83a8d3e15c4,2.99
110294713000,48e72903b3fc,3.30
110294713000,e05a1b1fafc4,2.33
110494735000,83a8d3e15c4,3.00
110494735000,48e72903b3fc,3.29
110494735000,e05a1b1fafc4,2.36
110695662000,83a8d3e15c4,3.02
110695662000,48e72903b3fc,3.30
110695662000,e05a1b1fafc4,2.39
110895703000,83a8d3e15c4,2.99
110895703000,48e72903b3fc,3.29
110895703000,e05a1b1fafc4,2.42
111095716000,83a8d3e15c4,3.00
111095716000,48e72903b3fc,3.30
111095716000,e05a1b1fafc4,2.34
111296746000,83a8d3e15c4,2.99
111296746000,48e72903b3fc,3.27
111296746000,e05a1b1fafc4,2.40
111496697000,83a8d3e15c4,3.00
111496697000,48e72903b3fc,3.30
111496697000,e05a1b1fafc4,2.40
111697668000,83a8d3e15c4,2.98
111697668000,48e72903b3fc,3.33
111697668000,e05a1b1fafc4,2.36
111897692000,83a8d3e15c4,2.97
111897692000,48e72903b3fc,3.31
111897692000,e05a1b1fafc4,2.35
112097717000,83a8d3e15c4,3.01
112097717000,48e72903b3fc,3.33
112097717000,e05a1b1fafc4,2.37
112297826000,83a8d3e15c4,2.98
112297826000,48e72903b3fc,3.30
112297826000,e05a1b1fafc4,2.39
112497731000,83a8d3e15c4,3.04
112497731000,48e72903b3fc,3.28
112497731000,e05a1b1fafc4,2.38
112697652000,83a8d3e15c4,2.96
112697652000,48e72903b3fc,3.32
112697652000,e05a1b1fafc4,2.35
112897707000,83a8d3e15c4,2.97
112897707000,48e72903b3fc,3.34
112897707000,e05a1b1fafc4,2.40
113097740000,83a8d3e15c4,3.01
113097740000,48e72903b3fc,3.36
113097740000,e05a1b1fafc4,2.35
113302623000,83a8d3e15c4,2.95
113302623000,48e72903b3fc,3.35
113302623000,e05a1b1fafc4,2.38
113502679000,83a8d3e15c4,2.96
113502679000,48e72903b3fc,3.34
113502679000,e05a1b1fafc4,2.49
113706751000,83a8d3e15c4,2.99
113706751000,48e72903b3fc,3.33
113706751000,e05a1b1fafc4,2.49
113906671000,83a8d3e15c4,2.97
113906671000,48e72903b3fc,3.31
113906671000,e05a1b1fafc4,2.50
114106663000,83a8d3e15c4,2.96
114106663000,48e72903b3fc,3.33
114106663000,e05a1b1fafc4,2.40
114306599000,83a8d3e15c4,2.97
114306599000,48e72903b3fc,3.34
114306599000,e05a1b1fafc4,2.39
114506696000,83a8d3e15c4,2.93
114506696000,48e72903b3fc,3.33
114506696000,e05a1b1fafc4,2.41
114706666000,83a8d3e15c4,2.94
114706666000,48e72903b3fc,3.35
114706666000,e05a1b1fafc4,2.40
114906688000,83a8d3e15c4,2.96
114906688000,48e72903b3fc,3.33
114906688000,e05a1b1fafc4,2.41
115106688000,83a8d3e15c4,2.95
115106688000,48e72903b3fc,3.31
115106688000,e05a1b1fafc4,2.43
115306601000,83a8d3e15c4,2.95
115306601000,48e72903b3fc,3.33
115306601000,e05a1b1fafc4,2.38
115506643000,83a8d3e15c4,2.97
115506643000,48e72903b3fc,3.36
115506643000,e05a1b1fafc4,2.43
115706648000,83a8d3e15c4,2.95
115706648000,48e72903b3fc,3.30
115706648000,e05a1b1fafc4,2.41
115906658000,83a8d3e15c4,2.97
115906658000,48e72903b3fc,3.32
115906658000,e05a1b1fafc4,2.39
116107720000,83a8d3e15c4,2.97
116107720000,48e72903b3fc,3.34
116107720000,e05a1b1fafc4,2.40
116307704000,83a8d3e15c4,2.97
116307704000,48e72903b3fc,3.33
116307704000,e05a1b1fafc4,2.38
116510602000,83a8d3e15c4,2.93
116510602000,48e72903b3fc,3.29
116510602000,e05a1b1fafc4,2.41
116710599000,83a8d3e15c4,2.97
116710599000,48e72903b3fc,3.34
116710599000,e05a1b1fafc4,2.39
116910642000,83a8d3e15c4,2.93
116910642000,48e72903b3fc,3.36
116910642000,e05a1b1fafc4,2.36
117110626000,83a8d3e15c4,2.94
117110626000,48e72903b3fc,3.33
117110626000,e05a1b1fafc4,2.38
117310721000,83a8d3e15c4,2.94
117310721000,48e72903b3fc,3.34
117310721000,e05a1b1fafc4,2.53
117510641000,83a8d3e15c4,2.99
117510641000,48e72903b3fc,3.36
117510641000,e05a1b1fafc4,2.47
117710603000,83a8d3e15c4,2.92
117710603000,48e72903b3fc,3.37
117710603000,e05a1b1fafc4,2.49
117910661000,83a8d3e15c4,2.91
117910661000,48e72903b3fc,3.38
117910661000,e05a1b1fafc4,2.49
118110694000,83a8d3e15c4,2.93
118110694000,48e72903b3fc,3.40
118110694000,e05a1b1fafc4,2.43
118311731000,83a8d3e15c4,2.97
118311731000,48e72903b3fc,3.39
118311731000,e05a1b1fafc4,2.44
118512741000,83a8d3e15c4,2.96
118512741000,48e72903b3fc,3.39
118512741000,e05a1b1fafc4,2.45
118715696000,83a8d3e15c4,2.96
118715696000,48e72903b3fc,3.40
118715696000,e05a1b1fafc4,2.48
118915702000,83a8d3e15c4,2.95
118915702000,48e72903b3fc,3.41
118915702000,e05a1b1fafc4,2.42
119115732000,83a8d3e15c4,2.94
119115732000,48e72903b3fc,3.41
119115732000,e05a1b1fafc4,2.43
119315841000,83a8d3e15c4,2.94
119315841000,48e72903b3fc,3.40
119315841000,e05a1b1fafc4,2.45
119516670000,83a8d3e15c4,2.93
119516670000,48e72903b3fc,3.40
119516670000,e05a1b1fafc4,2.47
119718692000,83a8d3e15c4,2.92
119718692000,48e72903b3fc,3.38
119718692000,e05a1b1fafc4,2.45
119918609000,83a8d3e15c4,2.94
119918609000,48e72903b3fc,3.42
119918609000,e05a1b1fafc4,2.43
120119586000,83a8d3e15c4,2.90
120119586000,48e72903b3fc,3.38
120119586000,e05a1b1fafc4,2.43
120319780000,83a8d3e15c4,2.94
120319780000,48e72903b3fc,3.42
120319780000,e05a1b1fafc4,2.42
120519729000,83a8d3e15c4,2.94
120519729000,48e72903b3fc,3.39
120519729000,e05a1b1fafc4,2.44
120720662000,83a8d3e15c4,2.90
120720662000,48e72903b3fc,3.36
120720662000,e05a1b1fafc4,2.48
120920626000,83a8d3e15c4,2.93
120920626000,48e72903b3fc,3.37
120920626000,e05a1b1fafc4,2.57
121120691000,83a8d3e15c4,2.89
121120691000,48e72903b3fc,3.37
121120691000,e05a1b1fafc4,2.47
121320692000,83a8d3e15c4,2.88
121320692000,48e72903b3fc,3.42
121320692000,e05a1b1fafc4,2.35
121521598000,83a8d3e15c4,2.89
121521598000,48e72903b3fc,3.43
121521598000,e05a1b1fafc4,2.41
121721815000,83a8d3e15c4,2.89
121721815000,48e72903b3fc,3.42
121721815000,e05a1b1fafc4,2.50
121921717000,83a8d3e15c4,2.85
121921717000,48e72903b3fc,3.44
121921717000,e05a1b1fafc4,2.48
122121741000,83a8d3e15c4,2.88
122121741000,48e72903b3fc,3.45
122121741000,e05a1b1fafc4,2.46
122321749000,83a8d3e15c4,2.91
122321749000,48e72903b3fc,3.44
122321749000,e05a1b1fafc4,2.46
122522710000,83a8d3e15c4,2.85
122522710000,48e72903b3fc,3.45
122522710000,e05a1b1fafc4,2.45
122723657000,83a8d3e15c4,2.84
122723657000,48e72903b3fc,3.47
122723657000,e05a1b1fafc4,2.45
122927631000,83a8d3e15c4,2.84
122927631000,48e72903b3fc,3.46
122927631000,e05a1b1fafc4,2.45
123127669000,83a8d3e15c4,2.86
123127669000,48e72903b3fc,3.44
123127669000,e05a1b1fafc4,2.45
123327692000,83a8d3e15c4,2.87
123327692000,48e72903b3fc,3.42
123327692000,e05a1b1fafc4,2.47
123528751000,83a8d3e15c4,2.86
123528751000,48e72903b3fc,3.44
123528751000,e05a1b1fafc4,2.50
123728735000,83a8d3e15c4,2.88
123728735000,48e72903b3fc,3.45
123728735000,e05a1b1fafc4,2.47
123928735000,83a8d3e15c4,2.87
123928735000,48e72903b3fc,3.42
123928735000,e05a1b1fafc4,2.51
124128720000,83a8d3e15c4,2.87
124128720000,48e72903b3fc,3.42
124128720000,e05a1b1fafc4,2.44
124328618000,83a8d3e15c4,2.88
124328618000,48e72903b3fc,3.44
124328618000,e05a1b1fafc4,2.44
124528594000,83a8d3e15c4,2.87
124528594000,48e72903b3fc,3.46
124528594000,e05a1b1fafc4,2.53
124728664000,83a8d3e15c4,2.87
124728664000,48e72903b3fc,3.43
124728664000,e05a1b1fafc4,2.51
124928627000,83a8d3e15c4,2.82
124928627000,48e72903b3fc,3.45
124928627000,e05a1b1fafc4,2.46
125128751000,83a8d3e15c4,2.80
125128751000,48e72903b3fc,3.43
125128751000,e05a1b1fafc4,2.49
125328720000,83a8d3e15c4,2.77
125328720000,48e72903b3fc,3.40
125328720000,e05a1b1fafc4,2.44
125530604000,83a8d3e15c4,2.78
125530604000,48e72903b3fc,3.45
125530604000,e05a1b1fafc4,2.47
125730678000,83a8d3e15c4,2.77
125730678000,48e72903b3fc,3.45
125730678000,e05a1b1fafc4,2.49
125930692000,83a8d3e15c4,2.77
125930692000,48e72903b3fc,3.48
125930692000,e05a1b1fafc4,2.48
126130719000,83a8d3e15c4,2.80
126130719000,48e72903b3fc,3.37
126130719000,e05a1b1fafc4,2.44
126330663000,83a8d3e15c4,2.81
126330663000,48e72903b3fc,3.49
126330663000,e05a1b1fafc4,2.44
126530602000,83a8d3e15c4,2.78
126530602000,48e72903b3fc,3.47
126530602000,e05a1b1fafc4,2.45
126730571000,83a8d3e15c4,2.80
126730571000,48e72903b3fc,3.43
126730571000,e05a1b1fafc4,2.47
126930603000,83a8d3e15c4,2.81
126930603000,48e72903b3fc,3.42
126930603000,e05a1b1fafc4,2.46
127131599000,83a8d3e15c4,2.80
127131599000,48e72903b3fc,3.49
127131599000,e05a1b1fafc4,2.45
127331784000,83a8d3e15c4,2.82
127331784000,48e72903b3fc,3.49
127331784000,e05a1b1fafc4,2.49
127531609000,83a8d3e15c4,2.80
127531609000,48e72903b3fc,3.45
127531609000,e05a1b1fafc4,2.50
127731696000,83a8d3e15c4,2.82
127731696000,48e72903b3fc,3.45
127731696000,e05a1b1fafc4,2.47
127931626000,83a8d3e15c4,2.77
127931626000,48e72903b3fc,3.48
127931626000,e05a1b1fafc4,2.46
128131648000,83a8d3e15c4,2.76
128131648000,48e72903b3fc,3.41
128131648000,e05a1b1fafc4,2.51
128331707000,83a8d3e15c4,2.78
128331707000,48e72903b3fc,3.48
128331707000,e05a1b1fafc4,2.46
128531681000,83a8d3e15c4,2.76
128531681000,48e72903b3fc,3.46
128531681000,e05a1b1fafc4,2.48
128731621000,83a8d3e15c4,2.75
128731621000,48e72903b3fc,3.43
128731621000,e05a1b1fafc4,2.48
128931646000,83a8d3e15c4,2.77
128931646000,48e72903b3fc,3.44
128931646000,e05a1b1fafc4,2.53
129131682000,83a8d3e15c4,2.77
129131682000,48e72903b3fc,3.48
129131682000,e05a1b1fafc4,2.53
129331774000,83a8d3e15c4,2.77
129331774000,48e72903b3fc,3.49
129331774000,e05a1b1fafc4,2.53
129531678000,83a8d3e15c4,2.74
129531678000,48e72903b3fc,3.48
129531678000,e05a1b1fafc4,2.52
129735762000,83a8d3e15c4,2.79
129735762000,48e72903b3fc,3.45
129735762000,e05a1b1fafc4,2.53
129935676000,83a8d3e15c4,2.74
129935676000,48e72903b3fc,3.49
129935676000,e05a1b1fafc4,2.52
130135701000,83a8d3e15c4,2.76
130135701000,48e72903b3fc,3.51
130135701000,e05a1b1fafc4,2.51
130335662000,83a8d3e15c4,2.78
130335662000,48e72903b3fc,3.47
130335662000,e05a1b1fafc4,2.51
130539781000,83a8d3e15c4,2.75
130539781000,48e72903b3fc,3.48
130539781000,e05a1b1fafc4,2.48
130740732000,83a8d3e15c4,2.82
130740732000,48e72903b3fc,3.48
130740732000,e05a1b1fafc4,2.50
130941651000,83a8d3e15c4,2.77
130941651000,48e72903b3fc,3.52
130941651000,e05a1b1fafc4,2.50
131141718000,83a8d3e15c4,2.78
131141718000,48e72903b3fc,3.48
131141718000,e05a1b1fafc4,2.52
131341745000,83a8d3e15c4,2.75
131341745000,48e72903b3fc,3.47
131341745000,e05a1b1fafc4,2.52
131543692000,83a8d3e15c4,2.75
131543692000,48e72903b3fc,3.45
131543692000,e05a1b1fafc4,2.52
131743692000,83a8d3e15c4,2.77
131743692000,48e72903b3fc,3.46
131743692000,e05a1b1fafc4,2.51
131943583000,83a8d3e15c4,2.73
131943583000,48e72903b3fc,3.48
131943583000,e05a1b1fafc4,2.51
132145602000,83a8d3e15c4,2.73
132145602000,48e72903b3fc,3.47
132145602000,e05a1b1fafc4,2.64
132346685000,83a8d3e15c4,2.73
132346685000,48e72903b3fc,3.50
132346685000,e05a1b1fafc4,2.63
132547607000,83a8d3e15c4,2.71
132547607000,48e72903b3fc,3.50
132547607000,e05a1b1fafc4,2.57
132747727000,83a8d3e15c4,2.76
132747727000,48e72903b3fc,3.47
132747727000,e05a1b1fafc4,2.62
132947687000,83a8d3e15c4,2.73
132947687000,48e72903b3fc,3.41
132947687000,e05a1b1fafc4,2.55
133147758000,83a8d3e15c4,2.75
133147758000,48e72903b3fc,3.47
133147758000,e05a1b1fafc4,2.52
133349626000,83a8d3e15c4,2.74
133349626000,48e72903b3fc,3.50
133349626000,e05a1b1fafc4,2.58
133549670000,83a8d3e15c4,2.72
133549670000,48e72903b3fc,3.50
133549670000,e05a1b1fafc4,2.57
133750652000,83a8d3e15c4,2.74
133750652000,48e72903b3fc,3.50
133750652000,e05a1b1fafc4,2.55
133950670000,83a8d3e15c4,2.71
133950670000,48e72903b3fc,3.44
133950670000,e05a1b1fafc4,2.53
134150633000,83a8d3e15c4,2.75
134150633000,48e72903b3fc,3.47
134150633000,e05a1b1fafc4,2.59
134350720000,83a8d3e15c4,2.76
134350720000,48e72903b3fc,3.51
134350720000,e05a1b1fafc4,2.55
134550617000,83a8d3e15c4,2.77
134550617000,48e72903b3fc,3.44
134550617000,e05a1b1fafc4,2.54
134750681000,83a8d3e15c4,2.73
134750681000,48e72903b3fc,3.49
134750681000,e05a1b1fafc4,2.57
134951696000,83a8d3e15c4,2.73
134951696000,48e72903b3fc,3.48
134951696000,e05a1b1fafc4,2.55
135151843000,83a8d3e15c4,2.72
135151843000,48e72903b3fc,3.48
135151843000,e05a1b1fafc4,2.54
135351703000,83a8d3e15c4,2.74
135351703000,48e72903b3fc,3.46
135351703000,e05a1b1fafc4,2.57
135551607000,83a8d3e15c4,2.74
135551607000,48e72903b3fc,3.55
135551607000,e05a1b1fafc4,2.54
135751648000,83a8d3e15c4,2.75
135751648000,48e72903b3fc,3.46
135751648000,e05a1b1fafc4,2.58
135951723000,83a8d3e15c4,2.73
135951723000,48e72903b3fc,3.48
135951723000,e05a1b1fafc4,2.56
136154731000,83a8d3e15c4,2.74
136154731000,48e72903b3fc,3.48
136154731000,e05a1b1fafc4,2.55
136359716000,83a8d3e15c4,2.76
136359716000,48e72903b3fc,3.49
136359716000,e05a1b1fafc4,2.58
136559778000,83a8d3e15c4,2.71
136559778000,48e72903b3fc,3.54
136559778000,e05a1b1fafc4,2.61
136759670000,83a8d3e15c4,2.72
136759670000,48e72903b3fc,3.49
136759670000,e05a1b1fafc4,2.52
136959766000,83a8d3e15c4,2.73
136959766000,48e72903b3fc,3.46
136959766000,e05a1b1fafc4,2.54
137159808000,83a8d3e15c4,2.74
137159808000,48e72903b3fc,3.53
137159808000,e05a1b1fafc4,2.55
137359729000,83a8d3e15c4,2.69
137359729000,48e72903b3fc,3.52
137359729000,e05a1b1fafc4,2.58
137559763000,83a8d3e15c4,2.74
137559763000,48e72903b3fc,3.47
137559763000,e05a1b1fafc4,2.65
137759697000,83a8d3e15c4,2.66
137759697000,48e72903b3fc,3.49
137759697000,e05a1b1fafc4,2.59
137959785000,83a8d3e15c4,2.75
137959785000,48e72903b3fc,3.51
137959785000,e05a1b1fafc4,2.58
138159731000,83a8d3e15c4,2.72
138159731000,48e72903b3fc,3.44
138159731000,e05a1b1fafc4,2.63
138360703000,83a8d3e15c4,2.74
138360703000,48e72903b3fc,3.49
138360703000,e05a1b1fafc4,2.59
138560645000,83a8d3e15c4,2.73
138560645000,48e72903b3fc,3.47
138560645000,e05a1b1fafc4,2.61
138760711000,83a8d3e15c4,2.74
138760711000,48e72903b3fc,3.49
138760711000,e05a1b1fafc4,2.61
138960744000,83a8d3e15c4,2.69
138960744000,48e72903b3fc,3.50
138960744000,e05a1b1fafc4,2.61
139163679000,83a8d3e15c4,2.74
139163679000,48e72903b3fc,3.47
139163679000,e05a1b1fafc4,2.61
139367602000,83a8d3e15c4,2.76
139367602000,48e72903b3fc,3.48
139367602000,e05a1b1fafc4,2.63
139567697000,83a8d3e15c4,2.73
139567697000,48e72903b3fc,3.48
139567697000,e05a1b1fafc4,2.62
139767681000,83a8d3e15c4,2.67
139767681000,48e72903b3fc,3.48
139767681000,e05a1b1fafc4,2.60
139969631000,83a8d3e15c4,2.73
139969631000,48e72903b3fc,3.46
139969631000,e05a1b1fafc4,2.66
140169600000,83a8d3e15c4,2.67
140169600000,48e72903b3fc,3.52
140169600000,e05a1b1fafc4,2.66
140369699000,83a8d3e15c4,2.67
140369699000,48e72903b3fc,3.53
140369699000,e05a1b1fafc4,2.60
140570626000,83a8d3e15c4,2.68
140570626000,48e72903b3fc,3.51
140570626000,e05a1b1fafc4,2.64
140770658000,83a8d3e15c4,2.65
140770658000,48e72903b3fc,3.48
140770658000,e05a1b1fafc4,2.63
140973740000,83a8d3e15c4,2.68
140973740000,48e72903b3fc,3.54
140973740000,e05a1b1fafc4,2.64
141173634000,83a8d3e15c4,2.67
141173634000,48e72903b3fc,3.56
141173634000,e05a1b1fafc4,2.64
141373702000,83a8d3e15c4,2.63
141373702000,48e72903b3fc,3.53
141373702000,e05a1b1fafc4,2.72
141573666000,83a8d3e15c4,2.73
141573666000,48e72903b3fc,3.52
141573666000,e05a1b1fafc4,2.66
141773661000,83a8d3e15c4,2.70
141773661000,48e72903b3fc,3.50
141773661000,e05a1b1fafc4,2.65
141976765000,83a8d3e15c4,2.69
141976765000,48e72903b3fc,3.53
141976765000,e05a1b1fafc4,2.66
142176749000,83a8d3e15c4,2.72
142176749000,48e72903b3fc,3.56
142176749000,e05a1b1fafc4,2.65
142377632000,83a8d3e15c4,2.72
142377632000,48e72903b3fc,3.48
142377632000,e05a1b1fafc4,2.66
142577714000,83a8d3e15c4,2.71
142577714000,48e72903b3fc,3.52
142577714000,e05a1b1fafc4,2.64
142779720000,83a8d3e15c4,2.74
142779720000,48e72903b3fc,3.52
142779720000,e05a1b1fafc4,2.66
142979690000,83a8d3e15c4,2.72
142979690000,48e72903b3fc,3.52
142979690000,e05a1b1fafc4,2.66
143179628000,83a8d3e15c4,2.66
143179628000,48e72903b3fc,3.51
143179628000,e05a1b1fafc4,2.67
143380632000,83a8d3e15c4,2.72
143380632000,48e72903b3fc,3.52
143380632000,e05a1b1fafc4,2.63
143580708000,83a8d3e15c4,2.70
143580708000,48e72903b3fc,3.50
143580708000,e05a1b1fafc4,2.67
143781834000,83a8d3e15c4,2.68
143781834000,48e72903b3fc,3.53
143781834000,e05a1b1fafc4,2.66
143981788000,83a8d3e15c4,2.66
143981788000,48e72903b3fc,3.48
143981788000,e05a1b1fafc4,2.67
144181765000,83a8d3e15c4,2.64
144181765000,48e72903b3fc,3.54
144181765000,e05a1b1fafc4,2.70
144384750000,83a8d3e15c4,2.65
144384750000,48e72903b3fc,3.55
144384750000,e05a1b1fafc4,2.63
144584716000,83a8d3e15c4,2.65
144584716000,48e72903b3fc,3.58
144584716000,e05a1b1fafc4,2.63
144787629000,83a8d3e15c4,2.68
144787629000,48e72903b3fc,3.60
144787629000,e05a1b1fafc4,2.68
144987608000,83a8d3e15c4,2.72
144987608000,48e72903b3fc,3.53
144987608000,e05a1b1fafc4,2.68
145187669000,83a8d3e15c4,2.73
145187669000,48e72903b3fc,3.61
145187669000,e05a1b1fafc4,2.68
145387666000,83a8d3e15c4,2.71
145387666000,48e72903b3fc,3.55
145387666000,e05a1b1fafc4,2.66
145587709000,83a8d3e15c4,2.71
145587709000,48e72903b3fc,3.55
145587709000,e05a1b1fafc4,2.66
145789627000,83a8d3e15c4,2.70
145789627000,48e72903b3fc,3.58
145789627000,e05a1b1fafc4,2.67
145989662000,83a8d3e15c4,2.72
145989662000,48e72903b3fc,3.59
145989662000,e05a1b1fafc4,2.65
146189750000,83a8d3e15c4,2.68
146189750000,48e72903b3fc,3.57
146189750000,e05a1b1fafc4,2.68
146389691000,83a8d3e15c4,2.70
146389691000,48e72903b3fc,3.54
146389691000,e05a1b1fafc4,2.68
146589713000,83a8d3e15c4,2.69
146589713000,48e72903b3fc,3.57
146589713000,e05a1b1fafc4,2.66
146789721000,83a8d3e15c4,2.69
146789721000,48e72903b3fc,3.54
146789721000,e05a1b1fafc4,2.66
146989670000,83a8d3e15c4,2.70
146989670000,48e72903b3fc,3.56
146989670000,e05a1b1fafc4,2.64
147189652000,83a8d3e15c4,2.70
147189652000,48e72903b3fc,3.56
147189652000,e05a1b1fafc4,2.63
147389653000,83a8d3e15c4,2.68
147389653000,48e72903b3fc,3.57
147389653000,e05a1b1fafc4,2.67
147589630000,83a8d3e15c4,2.72
147589630000,48e72903b3fc,3.57
147589630000,e05a1b1fafc4,2.64
147790578000,83a8d3e15c4,2.71
147790578000,48e72903b3fc,3.54
147790578000,e05a1b1fafc4,2.70
147990632000,83a8d3e15c4,2.66
147990632000,48e72903b3fc,3.57
147990632000,e05a1b1fafc4,2.71
148190751000,83a8d3e15c4,2.68
148190751000,48e72903b3fc,3.58
148190751000,e05a1b1fafc4,2.70
148390662000,83a8d3e15c4,2.66
148390662000,48e72903b3fc,3.56
148390662000,e05a1b1fafc4,2.72
148590699000,83a8d3e15c4,2.72
148590699000,48e72903b3fc,3.59
148590699000,e05a1b1fafc4,2.72
148790600000,83a8d3e15c4,2.69
148790600000,48e72903b3fc,3.58
148790600000,e05a1b1fafc4,2.74
148990735000,83a8d3e15c4,2.68
148990735000,48e72903b3fc,3.56
148990735000,e05a1b1fafc4,2.68
149190661000,83a8d3e15c4,2.61
149190661000,48e72903b3fc,3.62
149190661000,e05a1b1fafc4,2.62
149390681000,83a8d3e15c4,2.65
149390681000,48e72903b3fc,3.58
149390681000,e05a1b1fafc4,2.70
149591756000,83a8d3e15c4,2.71
149591756000,48e72903b3fc,3.63
149591756000,e05a1b1fafc4,2.70
149791705000,83a8d3e15c4,2.67
149791705000,48e72903b3fc,3.57
149791705000,e05a1b1fafc4,2.72
149991702000,83a8d3e15c4,2.69
149991702000,48e72903b3fc,3.58
149991702000,e05a1b1fafc4,2.74
150191656000,83a8d3e15c4,2.74
150191656000,48e72903b3fc,3.63
150191656000,e05a1b1fafc4,2.68
150391667000,83a8d3e15c4,2.69
150391667000,48e72903b3fc,3.59
150391667000,e05a1b1fafc4,2.69
150593603000,83a8d3e15c4,2.69
150593603000,48e72903b3fc,3.67
150593603000,e05a1b1fafc4,2.71
150793711000,83a8d3e15c4,2.69
150793711000,48e72903b3fc,3.58
150793711000,e05a1b1fafc4,2.67
150999776000,83a8d3e15c4,2.69
150999776000,48e72903b3fc,3.62
150999776000,e05a1b1fafc4,2.68
151200711000,83a8d3e15c4,2.71
151200711000,48e72903b3fc,3.58
151200711000,e05a1b1fafc4,2.68
151400810000,83a8d3e15c4,2.69
151400810000,48e72903b3fc,3.63
151400810000,e05a1b1fafc4,2.70
151600763000,83a8d3e15c4,2.68
151600763000,48e72903b3fc,3.62
151600763000,e05a1b1fafc4,2.70
151800676000,83a8d3e15c4,2.69
151800676000,48e72903b3fc,3.61
151800676000,e05a1b1fafc4,2.70
152000815000,83a8d3e15c4,2.67
152000815000,48e72903b3fc,3.57
152000815000,e05a1b1fafc4,2.72
152200644000,83a8d3e15c4,2.67
152200644000,48e72903b3fc,3.66
152200644000,e05a1b1fafc4,2.71
152402625000,83a8d3e15c4,2.67
152402625000,48e72903b3fc,3.62
152402625000,e05a1b1fafc4,2.69
152602720000,83a8d3e15c4,2.70
152602720000,48e72903b3fc,3.59
152602720000,e05a1b1fafc4,2.73
152802722000,83a8d3e15c4,2.71
152802722000,48e72903b3fc,3.57
152802722000,e05a1b1fafc4,2.68
153003734000,83a8d3e15c4,2.64
153003734000,48e72903b3fc,3.54
153003734000,e05a1b1fafc4,2.73
153203709000,83a8d3e15c4,2.65
153203709000,48e72903b3fc,3.59
153203709000,e05a1b1fafc4,2.73
153403727000,83a8d3e15c4,2.68
153403727000,48e72903b3fc,3.58
153403727000,e05a1b1fafc4,2.73
153603663000,83a8d3e15c4,2.64
153603663000,48e72903b3fc,3.58
153603663000,e05a1b1fafc4,2.71
153803689000,83a8d3e15c4,2.64
153803689000,48e72903b3fc,3.59
153803689000,e05a1b1fafc4,2.72
154003596000,83a8d3e15c4,2.59
154003596000,48e72903b3fc,3.57
154003596000,e05a1b1fafc4,2.76
154203633000,83a8d3e15c4,2.66
154203633000,48e72903b3fc,3.64
154203633000,e05a1b1fafc4,2.71
154403688000,83a8d3e15c4,2.65
154403688000,48e72903b3fc,3.67
154403688000,e05a1b1fafc4,2.74
154603680000,83a8d3e15c4,2.66
154603680000,48e72903b3fc,3.67
154603680000,e05a1b1fafc4,2.79
154804675000,83a8d3e15c4,2.63
154804675000,48e72903b3fc,3.65
154804675000,e05a1b1fafc4,2.82
155004732000,83a8d3e15c4,2.65
155004732000,48e72903b3fc,3.61
155004732000,e05a1b1fafc4,2.72
155207675000,83a8d3e15c4,2.65
155207675000,48e72903b3fc,3.63
155207675000,e05a1b1fafc4,2.76
155407631000,83a8d3e15c4,2.65
155407631000,48e72903b3fc,3.62
155407631000,e05a1b1fafc4,2.76
155607749000,83a8d3e15c4,2.65
155607749000,48e72903b3fc,3.59
155607749000,e05a1b1fafc4,2.78
155807649000,83a8d3e15c4,2.64
155807649000,48e72903b3fc,3.63
155807649000,e05a1b1fafc4,2.73
156007599000,83a8d3e15c4,2.66
156007599000,48e72903b3fc,3.65
156007599000,e05a1b1fafc4,2.72
156207664000,83a8d3e15c4,2.67
156207664000,48e72903b3fc,3.60
156207664000,e05a1b1fafc4,2.73
156408662000,83a8d3e15c4,2.71
156408662000,48e72903b3fc,3.62
156408662000,e05a1b1fafc4,2.73
156608720000,83a8d3e15c4,2.66
156608720000,48e72903b3fc,3.65
156608720000,e05a1b1fafc4,2.73
156808671000,83a8d3e15c4,2.65
156808671000,48e72903b3fc,3.61
156808671000,e05a1b1fafc4,2.71
157008626000,83a8d3e15c4,2.66
157008626000,48e72903b3fc,3.63
157008626000,e05a1b1fafc4,2.72
157208699000,83a8d3e15c4,2.67
157208699000,48e72903b3fc,3.65
157208699000,e05a1b1fafc4,2.72
157409735000,83a8d3e15c4,2.65
157409735000,48e72903b3fc,3.59
157409735000,e05a1b1fafc4,2.73
157609691000,83a8d3e15c4,2.66
157609691000,48e72903b3fc,3.61
157609691000,e05a1b1fafc4,2.73
157809640000,83a8d3e15c4,2.66
157809640000,48e72903b3fc,3.58
157809640000,e05a1b1fafc4,2.72
158010631000,83a8d3e15c4,2.68
158010631000,48e72903b3fc,3.62
158010631000,e05a1b1fafc4,2.74
158210659000,83a8d3e15c4,2.65
158210659000,48e72903b3fc,3.60
158210659000,e05a1b1fafc4,2.77
158412639000,83a8d3e15c4,2.67
158412639000,48e72903b3fc,3.65
158412639000,e05a1b1fafc4,2.73
158612636000,83a8d3e15c4,2.67
158612636000,48e72903b3fc,3.63
158612636000,e05a1b1fafc4,2.77
